City,Date,Avg_Rent
New York,2020-06-30,2694
Los Angeles-Long Beach-Anaheim,2020-06-30,2446
Chicago,2020-06-30,1727
Dallas-Fort Worth,2020-06-30,1428
Philadelphia,2020-06-30,1589
Houston,2020-06-30,1356
Washington,2020-06-30,2014
Miami-Fort Lauderdale,2020-06-30,1938
Atlanta,2020-06-30,1473
Boston,2020-06-30,2541
San Francisco,2020-06-30,3073
Detroit,2020-06-30,1193
Riverside,2020-06-30,1921
Phoenix,2020-06-30,1401
Seattle,2020-06-30,1954
Minneapolis-St Paul,2020-06-30,1514
San Diego,2020-06-30,2350
St. Louis,2020-06-30,1081
Tampa,2020-06-30,1470
Baltimore,2020-06-30,1518
Denver,2020-06-30,1652
Pittsburgh,2020-06-30,1190
Portland,2020-06-30,1592
Charlotte,2020-06-30,1392
Sacramento,2020-06-30,1849
San Antonio,2020-06-30,1212
Orlando,2020-06-30,1520
Cincinnati,2020-06-30,1202
Cleveland,2020-06-30,1160
Kansas City,2020-06-30,1136
Las Vegas,2020-06-30,1369
Columbus,2020-06-30,1210
Indianapolis,2020-06-30,1204
San Jose,2020-06-30,3076
Austin,2020-06-30,1455
Virginia Beach,2020-06-30,1310
Nashville,2020-06-30,1472
Providence,2020-06-30,1498
Milwaukee,2020-06-30,1063
Jacksonville,2020-06-30,1327
Memphis,2020-06-30,1183
Oklahoma City,2020-06-30,1117
Louisville-Jefferson County,2020-06-30,1102
Hartford,2020-06-30,1383
Richmond,2020-06-30,1313
New Orleans,2020-06-30,1243
Buffalo,2020-06-30,1054
Raleigh,2020-06-30,1382
Birmingham,2020-06-30,1116
Salt Lake City,2020-06-30,1307
Rochester,2020-06-30,1160
Grand Rapids,2020-06-30,1216
Tucson,2020-06-30,1210
Urban Honolulu,2020-06-30,2318
Tulsa,2020-06-30,1047
Fresno,2020-06-30,1559
Worcester,2020-06-30,1501
Stamford,2020-06-30,2223
Albuquerque,2020-06-30,1155
Albany,2020-06-30,1228
Omaha,2020-06-30,1065
New Haven,2020-06-30,1615
Bakersfield,2020-06-30,1340
Knoxville,2020-06-30,1226
Greenville,2020-06-30,1227
Ventura,2020-06-30,2451
Allentown,2020-06-30,1417
El Paso,2020-06-30,1113
Baton Rouge,2020-06-30,1191
Dayton,2020-06-30,1059
McAllen,2020-06-30,911
Columbia,2020-06-30,1147
Greensboro,2020-06-30,1088
Akron,2020-06-30,979
North Port-Sarasota-Bradenton,2020-06-30,1626
Little Rock,2020-06-30,974
Stockton,2020-06-30,1948
Charleston,2020-06-30,1439
Syracuse,2020-06-30,1127
Colorado Springs,2020-06-30,1489
Winston-Salem,2020-06-30,1259
Wichita,2020-06-30,834
Springfield,2020-06-30,1369
Fort Myers,2020-06-30,1461
Boise City,2020-06-30,1342
Toledo,2020-06-30,1042
Madison,2020-06-30,1219
Lakeland,2020-06-30,1356
Ogden,2020-06-30,1328
Daytona Beach,2020-06-30,1389
Des Moines,2020-06-30,1079
Jackson,2020-06-30,1207
Youngstown,2020-06-30,795
Augusta,2020-06-30,1082
Scranton,2020-06-30,997
Harrisburg,2020-06-30,1129
Melbourne,2020-06-30,1424
Chattanooga,2020-06-30,1166
Spokane,2020-06-30,1214
Provo,2020-06-30,1366
Durham,2020-06-30,1360
Port St. Lucie,2020-06-30,1591
Killeen,2020-06-30,1034
Fort Collins,2020-06-30,1588
Boulder,2020-06-30,1860
College Station,2020-06-30,1189
Gainesville,2020-06-30,1240
Sierra Vista,2020-06-30,916
Sebring,2020-06-30,970
New York,2020-07-31,2663
Los Angeles-Long Beach-Anaheim,2020-07-31,2446
Chicago,2020-07-31,1723
Dallas-Fort Worth,2020-07-31,1431
Philadelphia,2020-07-31,1590
Houston,2020-07-31,1355
Washington,2020-07-31,2010
Miami-Fort Lauderdale,2020-07-31,1941
Atlanta,2020-07-31,1484
Boston,2020-07-31,2528
San Francisco,2020-07-31,3042
Detroit,2020-07-31,1207
Riverside,2020-07-31,1945
Phoenix,2020-07-31,1413
Seattle,2020-07-31,1951
Minneapolis-St Paul,2020-07-31,1511
San Diego,2020-07-31,2357
St. Louis,2020-07-31,1087
Tampa,2020-07-31,1479
Baltimore,2020-07-31,1525
Denver,2020-07-31,1657
Pittsburgh,2020-07-31,1188
Portland,2020-07-31,1599
Charlotte,2020-07-31,1400
Sacramento,2020-07-31,1868
San Antonio,2020-07-31,1218
Orlando,2020-07-31,1526
Cincinnati,2020-07-31,1210
Cleveland,2020-07-31,1160
Kansas City,2020-07-31,1145
Las Vegas,2020-07-31,1386
Columbus,2020-07-31,1217
Indianapolis,2020-07-31,1211
San Jose,2020-07-31,3043
Austin,2020-07-31,1456
Virginia Beach,2020-07-31,1326
Nashville,2020-07-31,1477
Providence,2020-07-31,1523
Milwaukee,2020-07-31,1067
Jacksonville,2020-07-31,1335
Memphis,2020-07-31,1195
Oklahoma City,2020-07-31,1121
Louisville-Jefferson County,2020-07-31,1107
Hartford,2020-07-31,1390
Richmond,2020-07-31,1320
New Orleans,2020-07-31,1248
Buffalo,2020-07-31,1059
Raleigh,2020-07-31,1388
Birmingham,2020-07-31,1129
Salt Lake City,2020-07-31,1312
Rochester,2020-07-31,1171
Grand Rapids,2020-07-31,1220
Tucson,2020-07-31,1221
Urban Honolulu,2020-07-31,2319
Tulsa,2020-07-31,1059
Fresno,2020-07-31,1561
Worcester,2020-07-31,1511
Stamford,2020-07-31,2237
Albuquerque,2020-07-31,1177
Albany,2020-07-31,1229
Omaha,2020-07-31,1072
New Haven,2020-07-31,1605
Bakersfield,2020-07-31,1364
Knoxville,2020-07-31,1238
Greenville,2020-07-31,1221
Ventura,2020-07-31,2465
Allentown,2020-07-31,1425
El Paso,2020-07-31,1125
Baton Rouge,2020-07-31,1199
Dayton,2020-07-31,1068
McAllen,2020-07-31,916
Columbia,2020-07-31,1158
Greensboro,2020-07-31,1100
Akron,2020-07-31,980
North Port-Sarasota-Bradenton,2020-07-31,1645
Little Rock,2020-07-31,993
Stockton,2020-07-31,1972
Charleston,2020-07-31,1453
Syracuse,2020-07-31,1141
Colorado Springs,2020-07-31,1501
Winston-Salem,2020-07-31,1264
Wichita,2020-07-31,839
Springfield,2020-07-31,1374
Fort Myers,2020-07-31,1475
Boise City,2020-07-31,1364
Toledo,2020-07-31,1046
Madison,2020-07-31,1230
Lakeland,2020-07-31,1363
Ogden,2020-07-31,1338
Daytona Beach,2020-07-31,1401
Des Moines,2020-07-31,1091
Jackson,2020-07-31,1207
Youngstown,2020-07-31,800
Augusta,2020-07-31,1101
Scranton,2020-07-31,998
Harrisburg,2020-07-31,1135
Melbourne,2020-07-31,1434
Chattanooga,2020-07-31,1181
Spokane,2020-07-31,1228
Provo,2020-07-31,1379
Durham,2020-07-31,1358
Port St. Lucie,2020-07-31,1611
Killeen,2020-07-31,1048
Fort Collins,2020-07-31,1591
Boulder,2020-07-31,1870
College Station,2020-07-31,1169
Gainesville,2020-07-31,1234
Sierra Vista,2020-07-31,924
Sebring,2020-07-31,989
New York,2020-08-31,2605
Los Angeles-Long Beach-Anaheim,2020-08-31,2438
Chicago,2020-08-31,1711
Dallas-Fort Worth,2020-08-31,1432
Philadelphia,2020-08-31,1593
Houston,2020-08-31,1355
Washington,2020-08-31,1998
Miami-Fort Lauderdale,2020-08-31,1944
Atlanta,2020-08-31,1496
Boston,2020-08-31,2484
San Francisco,2020-08-31,2977
Detroit,2020-08-31,1214
Riverside,2020-08-31,1975
Phoenix,2020-08-31,1430
Seattle,2020-08-31,1941
Minneapolis-St Paul,2020-08-31,1513
San Diego,2020-08-31,2364
St. Louis,2020-08-31,1092
Tampa,2020-08-31,1491
Baltimore,2020-08-31,1524
Denver,2020-08-31,1655
Pittsburgh,2020-08-31,1187
Portland,2020-08-31,1607
Charlotte,2020-08-31,1401
Sacramento,2020-08-31,1885
San Antonio,2020-08-31,1226
Orlando,2020-08-31,1525
Cincinnati,2020-08-31,1211
Cleveland,2020-08-31,1177
Kansas City,2020-08-31,1148
Las Vegas,2020-08-31,1404
Columbus,2020-08-31,1223
Indianapolis,2020-08-31,1221
San Jose,2020-08-31,3001
Austin,2020-08-31,1450
Virginia Beach,2020-08-31,1340
Nashville,2020-08-31,1478
Providence,2020-08-31,1523
Milwaukee,2020-08-31,1070
Jacksonville,2020-08-31,1352
Memphis,2020-08-31,1216
Oklahoma City,2020-08-31,1124
Louisville-Jefferson County,2020-08-31,1107
Hartford,2020-08-31,1395
Richmond,2020-08-31,1325
New Orleans,2020-08-31,1244
Buffalo,2020-08-31,1069
Raleigh,2020-08-31,1393
Birmingham,2020-08-31,1134
Salt Lake City,2020-08-31,1315
Rochester,2020-08-31,1172
Grand Rapids,2020-08-31,1214
Tucson,2020-08-31,1237
Urban Honolulu,2020-08-31,2326
Tulsa,2020-08-31,1074
Fresno,2020-08-31,1581
Worcester,2020-08-31,1512
Stamford,2020-08-31,2245
Albuquerque,2020-08-31,1188
Albany,2020-08-31,1233
Omaha,2020-08-31,1077
New Haven,2020-08-31,1609
Bakersfield,2020-08-31,1393
Knoxville,2020-08-31,1259
Greenville,2020-08-31,1229
Ventura,2020-08-31,2484
Allentown,2020-08-31,1439
El Paso,2020-08-31,1132
Baton Rouge,2020-08-31,1208
Dayton,2020-08-31,1074
McAllen,2020-08-31,922
Columbia,2020-08-31,1153
Greensboro,2020-08-31,1102
Akron,2020-08-31,985
North Port-Sarasota-Bradenton,2020-08-31,1653
Little Rock,2020-08-31,998
Stockton,2020-08-31,2005
Charleston,2020-08-31,1457
Syracuse,2020-08-31,1155
Colorado Springs,2020-08-31,1514
Winston-Salem,2020-08-31,1281
Wichita,2020-08-31,844
Springfield,2020-08-31,1356
Fort Myers,2020-08-31,1484
Boise City,2020-08-31,1378
Toledo,2020-08-31,1043
Madison,2020-08-31,1230
Lakeland,2020-08-31,1375
Ogden,2020-08-31,1340
Daytona Beach,2020-08-31,1406
Des Moines,2020-08-31,1099
Jackson,2020-08-31,1224
Youngstown,2020-08-31,791
Augusta,2020-08-31,1111
Scranton,2020-08-31,1002
Harrisburg,2020-08-31,1150
Melbourne,2020-08-31,1449
Chattanooga,2020-08-31,1187
Spokane,2020-08-31,1233
Provo,2020-08-31,1380
Durham,2020-08-31,1361
Port St. Lucie,2020-08-31,1634
Killeen,2020-08-31,1062
Fort Collins,2020-08-31,1579
Boulder,2020-08-31,1868
College Station,2020-08-31,1159
Gainesville,2020-08-31,1246
Sierra Vista,2020-08-31,923
Sebring,2020-08-31,986
New York,2020-09-30,2549
Los Angeles-Long Beach-Anaheim,2020-09-30,2441
Chicago,2020-09-30,1693
Dallas-Fort Worth,2020-09-30,1434
Philadelphia,2020-09-30,1593
Houston,2020-09-30,1358
Washington,2020-09-30,1981
Miami-Fort Lauderdale,2020-09-30,1950
Atlanta,2020-09-30,1506
Boston,2020-09-30,2426
San Francisco,2020-09-30,2918
Detroit,2020-09-30,1223
Riverside,2020-09-30,2010
Phoenix,2020-09-30,1446
Seattle,2020-09-30,1918
Minneapolis-St Paul,2020-09-30,1509
San Diego,2020-09-30,2377
St. Louis,2020-09-30,1097
Tampa,2020-09-30,1505
Baltimore,2020-09-30,1530
Denver,2020-09-30,1653
Pittsburgh,2020-09-30,1182
Portland,2020-09-30,1610
Charlotte,2020-09-30,1407
Sacramento,2020-09-30,1904
San Antonio,2020-09-30,1228
Orlando,2020-09-30,1527
Cincinnati,2020-09-30,1217
Cleveland,2020-09-30,1175
Kansas City,2020-09-30,1163
Las Vegas,2020-09-30,1418
Columbus,2020-09-30,1224
Indianapolis,2020-09-30,1226
San Jose,2020-09-30,2969
Austin,2020-09-30,1440
Virginia Beach,2020-09-30,1348
Nashville,2020-09-30,1469
Providence,2020-09-30,1523
Milwaukee,2020-09-30,1069
Jacksonville,2020-09-30,1360
Memphis,2020-09-30,1225
Oklahoma City,2020-09-30,1127
Louisville-Jefferson County,2020-09-30,1113
Hartford,2020-09-30,1412
Richmond,2020-09-30,1325
New Orleans,2020-09-30,1261
Buffalo,2020-09-30,1063
Raleigh,2020-09-30,1399
Birmingham,2020-09-30,1150
Salt Lake City,2020-09-30,1327
Rochester,2020-09-30,1171
Grand Rapids,2020-09-30,1220
Tucson,2020-09-30,1255
Urban Honolulu,2020-09-30,2326
Tulsa,2020-09-30,1075
Fresno,2020-09-30,1595
Worcester,2020-09-30,1524
Stamford,2020-09-30,2268
Albuquerque,2020-09-30,1208
Albany,2020-09-30,1251
Omaha,2020-09-30,1072
New Haven,2020-09-30,1617
Bakersfield,2020-09-30,1392
Knoxville,2020-09-30,1270
Greenville,2020-09-30,1234
Ventura,2020-09-30,2499
Allentown,2020-09-30,1459
El Paso,2020-09-30,1134
Baton Rouge,2020-09-30,1215
Dayton,2020-09-30,1075
McAllen,2020-09-30,917
Columbia,2020-09-30,1161
Greensboro,2020-09-30,1101
Akron,2020-09-30,980
North Port-Sarasota-Bradenton,2020-09-30,1664
Little Rock,2020-09-30,998
Stockton,2020-09-30,2006
Charleston,2020-09-30,1464
Syracuse,2020-09-30,1153
Colorado Springs,2020-09-30,1528
Winston-Salem,2020-09-30,1289
Wichita,2020-09-30,849
Springfield,2020-09-30,1370
Fort Myers,2020-09-30,1507
Boise City,2020-09-30,1393
Toledo,2020-09-30,1052
Madison,2020-09-30,1235
Lakeland,2020-09-30,1383
Ogden,2020-09-30,1332
Daytona Beach,2020-09-30,1424
Des Moines,2020-09-30,1098
Jackson,2020-09-30,1227
Youngstown,2020-09-30,817
Augusta,2020-09-30,1122
Scranton,2020-09-30,1018
Harrisburg,2020-09-30,1147
Melbourne,2020-09-30,1459
Chattanooga,2020-09-30,1192
Spokane,2020-09-30,1261
Provo,2020-09-30,1363
Durham,2020-09-30,1362
Port St. Lucie,2020-09-30,1672
Killeen,2020-09-30,1077
Fort Collins,2020-09-30,1566
Boulder,2020-09-30,1876
College Station,2020-09-30,1189
Gainesville,2020-09-30,1281
Sierra Vista,2020-09-30,931
Sebring,2020-09-30,1001
New York,2020-10-31,2509
Los Angeles-Long Beach-Anaheim,2020-10-31,2449
Chicago,2020-10-31,1672
Dallas-Fort Worth,2020-10-31,1439
Philadelphia,2020-10-31,1592
Houston,2020-10-31,1363
Washington,2020-10-31,1966
Miami-Fort Lauderdale,2020-10-31,1962
Atlanta,2020-10-31,1517
Boston,2020-10-31,2375
San Francisco,2020-10-31,2877
Detroit,2020-10-31,1238
Riverside,2020-10-31,2039
Phoenix,2020-10-31,1461
Seattle,2020-10-31,1890
Minneapolis-St Paul,2020-10-31,1518
San Diego,2020-10-31,2385
St. Louis,2020-10-31,1102
Tampa,2020-10-31,1519
Baltimore,2020-10-31,1533
Denver,2020-10-31,1650
Pittsburgh,2020-10-31,1188
Portland,2020-10-31,1605
Charlotte,2020-10-31,1412
Sacramento,2020-10-31,1919
San Antonio,2020-10-31,1229
Orlando,2020-10-31,1526
Cincinnati,2020-10-31,1222
Cleveland,2020-10-31,1173
Kansas City,2020-10-31,1159
Las Vegas,2020-10-31,1434
Columbus,2020-10-31,1238
Indianapolis,2020-10-31,1229
San Jose,2020-10-31,2913
Austin,2020-10-31,1435
Virginia Beach,2020-10-31,1355
Nashville,2020-10-31,1468
Providence,2020-10-31,1537
Milwaukee,2020-10-31,1077
Jacksonville,2020-10-31,1370
Memphis,2020-10-31,1232
Oklahoma City,2020-10-31,1134
Louisville-Jefferson County,2020-10-31,1117
Hartford,2020-10-31,1415
Richmond,2020-10-31,1328
New Orleans,2020-10-31,1268
Buffalo,2020-10-31,1066
Raleigh,2020-10-31,1400
Birmingham,2020-10-31,1143
Salt Lake City,2020-10-31,1327
Rochester,2020-10-31,1176
Grand Rapids,2020-10-31,1230
Tucson,2020-10-31,1280
Urban Honolulu,2020-10-31,2309
Tulsa,2020-10-31,1094
Fresno,2020-10-31,1623
Worcester,2020-10-31,1531
Stamford,2020-10-31,2288
Albuquerque,2020-10-31,1215
Albany,2020-10-31,1259
Omaha,2020-10-31,1068
New Haven,2020-10-31,1637
Bakersfield,2020-10-31,1401
Knoxville,2020-10-31,1288
Greenville,2020-10-31,1236
Ventura,2020-10-31,2509
Allentown,2020-10-31,1478
El Paso,2020-10-31,1141
Baton Rouge,2020-10-31,1205
Dayton,2020-10-31,1079
McAllen,2020-10-31,929
Columbia,2020-10-31,1166
Greensboro,2020-10-31,1116
Akron,2020-10-31,986
North Port-Sarasota-Bradenton,2020-10-31,1708
Little Rock,2020-10-31,999
Stockton,2020-10-31,2026
Charleston,2020-10-31,1455
Syracuse,2020-10-31,1173
Colorado Springs,2020-10-31,1533
Winston-Salem,2020-10-31,1296
Wichita,2020-10-31,846
Springfield,2020-10-31,1390
Fort Myers,2020-10-31,1519
Boise City,2020-10-31,1402
Toledo,2020-10-31,1041
Madison,2020-10-31,1224
Lakeland,2020-10-31,1405
Ogden,2020-10-31,1351
Daytona Beach,2020-10-31,1435
Des Moines,2020-10-31,1099
Jackson,2020-10-31,1236
Youngstown,2020-10-31,807
Augusta,2020-10-31,1122
Scranton,2020-10-31,1031
Harrisburg,2020-10-31,1152
Melbourne,2020-10-31,1460
Chattanooga,2020-10-31,1200
Spokane,2020-10-31,1271
Provo,2020-10-31,1395
Durham,2020-10-31,1368
Port St. Lucie,2020-10-31,1713
Killeen,2020-10-31,1089
Fort Collins,2020-10-31,1562
Boulder,2020-10-31,1884
College Station,2020-10-31,1214
Gainesville,2020-10-31,1267
Sierra Vista,2020-10-31,948
Sebring,2020-10-31,1005
New York,2020-11-30,2488
Los Angeles-Long Beach-Anaheim,2020-11-30,2452
Chicago,2020-11-30,1659
Dallas-Fort Worth,2020-11-30,1442
Philadelphia,2020-11-30,1594
Houston,2020-11-30,1368
Washington,2020-11-30,1948
Miami-Fort Lauderdale,2020-11-30,1980
Atlanta,2020-11-30,1524
Boston,2020-11-30,2348
San Francisco,2020-11-30,2858
Detroit,2020-11-30,1238
Riverside,2020-11-30,2060
Phoenix,2020-11-30,1479
Seattle,2020-11-30,1862
Minneapolis-St Paul,2020-11-30,1512
San Diego,2020-11-30,2406
St. Louis,2020-11-30,1100
Tampa,2020-11-30,1531
Baltimore,2020-11-30,1539
Denver,2020-11-30,1647
Pittsburgh,2020-11-30,1193
Portland,2020-11-30,1603
Charlotte,2020-11-30,1421
Sacramento,2020-11-30,1933
San Antonio,2020-11-30,1232
Orlando,2020-11-30,1529
Cincinnati,2020-11-30,1231
Cleveland,2020-11-30,1176
Kansas City,2020-11-30,1157
Las Vegas,2020-11-30,1446
Columbus,2020-11-30,1245
Indianapolis,2020-11-30,1226
San Jose,2020-11-30,2884
Austin,2020-11-30,1439
Virginia Beach,2020-11-30,1362
Nashville,2020-11-30,1466
Providence,2020-11-30,1569
Milwaukee,2020-11-30,1072
Jacksonville,2020-11-30,1372
Memphis,2020-11-30,1248
Oklahoma City,2020-11-30,1140
Louisville-Jefferson County,2020-11-30,1119
Hartford,2020-11-30,1428
Richmond,2020-11-30,1339
New Orleans,2020-11-30,1269
Buffalo,2020-11-30,1067
Raleigh,2020-11-30,1407
Birmingham,2020-11-30,1154
Salt Lake City,2020-11-30,1325
Rochester,2020-11-30,1192
Grand Rapids,2020-11-30,1233
Tucson,2020-11-30,1285
Urban Honolulu,2020-11-30,2341
Tulsa,2020-11-30,1106
Fresno,2020-11-30,1637
Worcester,2020-11-30,1535
Stamford,2020-11-30,2282
Albuquerque,2020-11-30,1215
Albany,2020-11-30,1254
Omaha,2020-11-30,1067
New Haven,2020-11-30,1652
Bakersfield,2020-11-30,1406
Knoxville,2020-11-30,1291
Greenville,2020-11-30,1242
Ventura,2020-11-30,2539
Allentown,2020-11-30,1489
El Paso,2020-11-30,1159
Baton Rouge,2020-11-30,1203
Dayton,2020-11-30,1086
McAllen,2020-11-30,931
Columbia,2020-11-30,1171
Greensboro,2020-11-30,1125
Akron,2020-11-30,990
North Port-Sarasota-Bradenton,2020-11-30,1729
Little Rock,2020-11-30,1002
Stockton,2020-11-30,2026
Charleston,2020-11-30,1450
Syracuse,2020-11-30,1177
Colorado Springs,2020-11-30,1541
Winston-Salem,2020-11-30,1307
Wichita,2020-11-30,846
Springfield,2020-11-30,1377
Fort Myers,2020-11-30,1536
Boise City,2020-11-30,1423
Toledo,2020-11-30,1037
Madison,2020-11-30,1233
Lakeland,2020-11-30,1410
Ogden,2020-11-30,1371
Daytona Beach,2020-11-30,1440
Des Moines,2020-11-30,1098
Jackson,2020-11-30,1239
Youngstown,2020-11-30,827
Augusta,2020-11-30,1135
Scranton,2020-11-30,1038
Harrisburg,2020-11-30,1154
Melbourne,2020-11-30,1473
Chattanooga,2020-11-30,1197
Spokane,2020-11-30,1257
Provo,2020-11-30,1405
Durham,2020-11-30,1366
Port St. Lucie,2020-11-30,1724
Killeen,2020-11-30,1100
Fort Collins,2020-11-30,1561
Boulder,2020-11-30,1880
College Station,2020-11-30,1226
Gainesville,2020-11-30,1280
Sierra Vista,2020-11-30,962
Sebring,2020-11-30,1016
New York,2020-12-31,2478
Los Angeles-Long Beach-Anaheim,2020-12-31,2448
Chicago,2020-12-31,1652
Dallas-Fort Worth,2020-12-31,1445
Philadelphia,2020-12-31,1599
Houston,2020-12-31,1368
Washington,2020-12-31,1939
Miami-Fort Lauderdale,2020-12-31,1994
Atlanta,2020-12-31,1536
Boston,2020-12-31,2345
San Francisco,2020-12-31,2830
Detroit,2020-12-31,1249
Riverside,2020-12-31,2074
Phoenix,2020-12-31,1486
Seattle,2020-12-31,1842
Minneapolis-St Paul,2020-12-31,1508
San Diego,2020-12-31,2419
St. Louis,2020-12-31,1099
Tampa,2020-12-31,1540
Baltimore,2020-12-31,1550
Denver,2020-12-31,1646
Pittsburgh,2020-12-31,1192
Portland,2020-12-31,1599
Charlotte,2020-12-31,1424
Sacramento,2020-12-31,1944
San Antonio,2020-12-31,1235
Orlando,2020-12-31,1537
Cincinnati,2020-12-31,1235
Cleveland,2020-12-31,1186
Kansas City,2020-12-31,1160
Las Vegas,2020-12-31,1450
Columbus,2020-12-31,1246
Indianapolis,2020-12-31,1237
San Jose,2020-12-31,2868
Austin,2020-12-31,1441
Virginia Beach,2020-12-31,1371
Nashville,2020-12-31,1470
Providence,2020-12-31,1577
Milwaukee,2020-12-31,1071
Jacksonville,2020-12-31,1375
Memphis,2020-12-31,1243
Oklahoma City,2020-12-31,1137
Louisville-Jefferson County,2020-12-31,1120
Hartford,2020-12-31,1425
Richmond,2020-12-31,1340
New Orleans,2020-12-31,1279
Buffalo,2020-12-31,1068
Raleigh,2020-12-31,1408
Birmingham,2020-12-31,1161
Salt Lake City,2020-12-31,1328
Rochester,2020-12-31,1207
Grand Rapids,2020-12-31,1237
Tucson,2020-12-31,1285
Urban Honolulu,2020-12-31,2348
Tulsa,2020-12-31,1107
Fresno,2020-12-31,1642
Worcester,2020-12-31,1546
Stamford,2020-12-31,2273
Albuquerque,2020-12-31,1214
Albany,2020-12-31,1254
Omaha,2020-12-31,1072
New Haven,2020-12-31,1642
Bakersfield,2020-12-31,1399
Knoxville,2020-12-31,1299
Greenville,2020-12-31,1250
Ventura,2020-12-31,2584
Allentown,2020-12-31,1493
El Paso,2020-12-31,1154
Baton Rouge,2020-12-31,1204
Dayton,2020-12-31,1093
McAllen,2020-12-31,930
Columbia,2020-12-31,1172
Greensboro,2020-12-31,1134
Akron,2020-12-31,983
North Port-Sarasota-Bradenton,2020-12-31,1771
Little Rock,2020-12-31,1007
Stockton,2020-12-31,2072
Charleston,2020-12-31,1468
Syracuse,2020-12-31,1166
Colorado Springs,2020-12-31,1540
Winston-Salem,2020-12-31,1299
Wichita,2020-12-31,845
Springfield,2020-12-31,1387
Fort Myers,2020-12-31,1539
Boise City,2020-12-31,1447
Toledo,2020-12-31,1052
Madison,2020-12-31,1237
Lakeland,2020-12-31,1411
Ogden,2020-12-31,1368
Daytona Beach,2020-12-31,1455
Des Moines,2020-12-31,1089
Jackson,2020-12-31,1232
Youngstown,2020-12-31,818
Augusta,2020-12-31,1141
Scranton,2020-12-31,1058
Harrisburg,2020-12-31,1159
Melbourne,2020-12-31,1485
Chattanooga,2020-12-31,1194
Spokane,2020-12-31,1261
Provo,2020-12-31,1410
Durham,2020-12-31,1375
Port St. Lucie,2020-12-31,1734
Killeen,2020-12-31,1104
Fort Collins,2020-12-31,1571
Boulder,2020-12-31,1894
College Station,2020-12-31,1230
Gainesville,2020-12-31,1312
Sierra Vista,2020-12-31,970
Sebring,2020-12-31,1068
New York,2021-01-31,2479
Los Angeles-Long Beach-Anaheim,2021-01-31,2448
Chicago,2021-01-31,1651
Dallas-Fort Worth,2021-01-31,1450
Philadelphia,2021-01-31,1597
Houston,2021-01-31,1367
Washington,2021-01-31,1939
Miami-Fort Lauderdale,2021-01-31,2018
Atlanta,2021-01-31,1548
Boston,2021-01-31,2361
San Francisco,2021-01-31,2834
Detroit,2021-01-31,1255
Riverside,2021-01-31,2104
Phoenix,2021-01-31,1501
Seattle,2021-01-31,1851
Minneapolis-St Paul,2021-01-31,1505
San Diego,2021-01-31,2424
St. Louis,2021-01-31,1101
Tampa,2021-01-31,1549
Baltimore,2021-01-31,1550
Denver,2021-01-31,1653
Pittsburgh,2021-01-31,1192
Portland,2021-01-31,1613
Charlotte,2021-01-31,1434
Sacramento,2021-01-31,1957
San Antonio,2021-01-31,1239
Orlando,2021-01-31,1547
Cincinnati,2021-01-31,1238
Cleveland,2021-01-31,1188
Kansas City,2021-01-31,1159
Las Vegas,2021-01-31,1462
Columbus,2021-01-31,1243
Indianapolis,2021-01-31,1245
San Jose,2021-01-31,2857
Austin,2021-01-31,1456
Virginia Beach,2021-01-31,1373
Nashville,2021-01-31,1480
Providence,2021-01-31,1581
Milwaukee,2021-01-31,1075
Jacksonville,2021-01-31,1388
Memphis,2021-01-31,1255
Oklahoma City,2021-01-31,1139
Louisville-Jefferson County,2021-01-31,1116
Hartford,2021-01-31,1434
Richmond,2021-01-31,1344
New Orleans,2021-01-31,1289
Buffalo,2021-01-31,1081
Raleigh,2021-01-31,1415
Birmingham,2021-01-31,1166
Salt Lake City,2021-01-31,1336
Rochester,2021-01-31,1219
Grand Rapids,2021-01-31,1231
Tucson,2021-01-31,1290
Urban Honolulu,2021-01-31,2337
Tulsa,2021-01-31,1103
Fresno,2021-01-31,1657
Worcester,2021-01-31,1529
Stamford,2021-01-31,2286
Albuquerque,2021-01-31,1213
Albany,2021-01-31,1252
Omaha,2021-01-31,1073
New Haven,2021-01-31,1650
Bakersfield,2021-01-31,1435
Knoxville,2021-01-31,1303
Greenville,2021-01-31,1260
Ventura,2021-01-31,2594
Allentown,2021-01-31,1510
El Paso,2021-01-31,1151
Baton Rouge,2021-01-31,1216
Dayton,2021-01-31,1090
McAllen,2021-01-31,938
Columbia,2021-01-31,1189
Greensboro,2021-01-31,1137
Akron,2021-01-31,1019
North Port-Sarasota-Bradenton,2021-01-31,1769
Little Rock,2021-01-31,1014
Stockton,2021-01-31,2089
Charleston,2021-01-31,1484
Syracuse,2021-01-31,1184
Colorado Springs,2021-01-31,1550
Winston-Salem,2021-01-31,1318
Wichita,2021-01-31,843
Springfield,2021-01-31,1401
Fort Myers,2021-01-31,1542
Boise City,2021-01-31,1459
Toledo,2021-01-31,1054
Madison,2021-01-31,1242
Lakeland,2021-01-31,1419
Ogden,2021-01-31,1389
Daytona Beach,2021-01-31,1464
Des Moines,2021-01-31,1091
Jackson,2021-01-31,1231
Youngstown,2021-01-31,832
Augusta,2021-01-31,1146
Scranton,2021-01-31,1053
Harrisburg,2021-01-31,1172
Melbourne,2021-01-31,1506
Chattanooga,2021-01-31,1195
Spokane,2021-01-31,1268
Provo,2021-01-31,1437
Durham,2021-01-31,1391
Port St. Lucie,2021-01-31,1751
Killeen,2021-01-31,1105
Fort Collins,2021-01-31,1565
Boulder,2021-01-31,1907
College Station,2021-01-31,1246
Gainesville,2021-01-31,1316
Sierra Vista,2021-01-31,959
Sebring,2021-01-31,1058
New York,2021-02-28,2484
Los Angeles-Long Beach-Anaheim,2021-02-28,2457
Chicago,2021-02-28,1656
Dallas-Fort Worth,2021-02-28,1459
Philadelphia,2021-02-28,1599
Houston,2021-02-28,1364
Washington,2021-02-28,1941
Miami-Fort Lauderdale,2021-02-28,2039
Atlanta,2021-02-28,1564
Boston,2021-02-28,2387
San Francisco,2021-02-28,2837
Detroit,2021-02-28,1262
Riverside,2021-02-28,2118
Phoenix,2021-02-28,1515
Seattle,2021-02-28,1861
Minneapolis-St Paul,2021-02-28,1502
San Diego,2021-02-28,2431
St. Louis,2021-02-28,1107
Tampa,2021-02-28,1569
Baltimore,2021-02-28,1561
Denver,2021-02-28,1657
Pittsburgh,2021-02-28,1201
Portland,2021-02-28,1613
Charlotte,2021-02-28,1443
Sacramento,2021-02-28,1968
San Antonio,2021-02-28,1240
Orlando,2021-02-28,1557
Cincinnati,2021-02-28,1244
Cleveland,2021-02-28,1201
Kansas City,2021-02-28,1161
Las Vegas,2021-02-28,1479
Columbus,2021-02-28,1243
Indianapolis,2021-02-28,1257
San Jose,2021-02-28,2863
Austin,2021-02-28,1471
Virginia Beach,2021-02-28,1381
Nashville,2021-02-28,1482
Providence,2021-02-28,1597
Milwaukee,2021-02-28,1082
Jacksonville,2021-02-28,1403
Memphis,2021-02-28,1264
Oklahoma City,2021-02-28,1141
Louisville-Jefferson County,2021-02-28,1121
Hartford,2021-02-28,1426
Richmond,2021-02-28,1350
New Orleans,2021-02-28,1288
Buffalo,2021-02-28,1092
Raleigh,2021-02-28,1420
Birmingham,2021-02-28,1169
Salt Lake City,2021-02-28,1346
Rochester,2021-02-28,1234
Grand Rapids,2021-02-28,1243
Tucson,2021-02-28,1310
Urban Honolulu,2021-02-28,2380
Tulsa,2021-02-28,1105
Fresno,2021-02-28,1686
Worcester,2021-02-28,1538
Stamford,2021-02-28,2306
Albuquerque,2021-02-28,1228
Albany,2021-02-28,1230
Omaha,2021-02-28,1079
New Haven,2021-02-28,1652
Bakersfield,2021-02-28,1440
Knoxville,2021-02-28,1325
Greenville,2021-02-28,1259
Ventura,2021-02-28,2576
Allentown,2021-02-28,1516
El Paso,2021-02-28,1163
Baton Rouge,2021-02-28,1220
Dayton,2021-02-28,1103
McAllen,2021-02-28,948
Columbia,2021-02-28,1195
Greensboro,2021-02-28,1161
Akron,2021-02-28,1026
North Port-Sarasota-Bradenton,2021-02-28,1764
Little Rock,2021-02-28,1021
Stockton,2021-02-28,2102
Charleston,2021-02-28,1476
Syracuse,2021-02-28,1167
Colorado Springs,2021-02-28,1572
Winston-Salem,2021-02-28,1324
Wichita,2021-02-28,855
Springfield,2021-02-28,1448
Fort Myers,2021-02-28,1552
Boise City,2021-02-28,1491
Toledo,2021-02-28,1065
Madison,2021-02-28,1247
Lakeland,2021-02-28,1421
Ogden,2021-02-28,1407
Daytona Beach,2021-02-28,1480
Des Moines,2021-02-28,1090
Jackson,2021-02-28,1239
Youngstown,2021-02-28,846
Augusta,2021-02-28,1137
Scranton,2021-02-28,1047
Harrisburg,2021-02-28,1179
Melbourne,2021-02-28,1512
Chattanooga,2021-02-28,1213
Spokane,2021-02-28,1304
Provo,2021-02-28,1448
Durham,2021-02-28,1376
Port St. Lucie,2021-02-28,1779
Killeen,2021-02-28,1116
Fort Collins,2021-02-28,1594
Boulder,2021-02-28,1918
College Station,2021-02-28,1228
Gainesville,2021-02-28,1342
Sierra Vista,2021-02-28,982
Sebring,2021-02-28,1046
New York,2021-03-31,2507
Los Angeles-Long Beach-Anaheim,2021-03-31,2472
Chicago,2021-03-31,1676
Dallas-Fort Worth,2021-03-31,1472
Philadelphia,2021-03-31,1610
Houston,2021-03-31,1374
Washington,2021-03-31,1951
Miami-Fort Lauderdale,2021-03-31,2069
Atlanta,2021-03-31,1585
Boston,2021-03-31,2418
San Francisco,2021-03-31,2873
Detroit,2021-03-31,1273
Riverside,2021-03-31,2157
Phoenix,2021-03-31,1541
Seattle,2021-03-31,1884
Minneapolis-St Paul,2021-03-31,1515
San Diego,2021-03-31,2453
St. Louis,2021-03-31,1117
Tampa,2021-03-31,1583
Baltimore,2021-03-31,1575
Denver,2021-03-31,1674
Pittsburgh,2021-03-31,1209
Portland,2021-03-31,1627
Charlotte,2021-03-31,1461
Sacramento,2021-03-31,1981
San Antonio,2021-03-31,1252
Orlando,2021-03-31,1575
Cincinnati,2021-03-31,1259
Cleveland,2021-03-31,1214
Kansas City,2021-03-31,1172
Las Vegas,2021-03-31,1495
Columbus,2021-03-31,1256
Indianapolis,2021-03-31,1263
San Jose,2021-03-31,2882
Austin,2021-03-31,1494
Virginia Beach,2021-03-31,1394
Nashville,2021-03-31,1501
Providence,2021-03-31,1611
Milwaukee,2021-03-31,1086
Jacksonville,2021-03-31,1422
Memphis,2021-03-31,1280
Oklahoma City,2021-03-31,1154
Louisville-Jefferson County,2021-03-31,1127
Hartford,2021-03-31,1444
Richmond,2021-03-31,1369
New Orleans,2021-03-31,1289
Buffalo,2021-03-31,1090
Raleigh,2021-03-31,1435
Birmingham,2021-03-31,1173
Salt Lake City,2021-03-31,1367
Rochester,2021-03-31,1246
Grand Rapids,2021-03-31,1265
Tucson,2021-03-31,1333
Urban Honolulu,2021-03-31,2405
Tulsa,2021-03-31,1123
Fresno,2021-03-31,1717
Worcester,2021-03-31,1555
Stamford,2021-03-31,2328
Albuquerque,2021-03-31,1244
Albany,2021-03-31,1252
Omaha,2021-03-31,1087
New Haven,2021-03-31,1682
Bakersfield,2021-03-31,1449
Knoxville,2021-03-31,1319
Greenville,2021-03-31,1279
Ventura,2021-03-31,2622
Allentown,2021-03-31,1544
El Paso,2021-03-31,1174
Baton Rouge,2021-03-31,1222
Dayton,2021-03-31,1119
McAllen,2021-03-31,955
Columbia,2021-03-31,1214
Greensboro,2021-03-31,1170
Akron,2021-03-31,1022
North Port-Sarasota-Bradenton,2021-03-31,1783
Little Rock,2021-03-31,1029
Stockton,2021-03-31,2145
Charleston,2021-03-31,1503
Syracuse,2021-03-31,1179
Colorado Springs,2021-03-31,1593
Winston-Salem,2021-03-31,1347
Wichita,2021-03-31,859
Springfield,2021-03-31,1455
Fort Myers,2021-03-31,1562
Boise City,2021-03-31,1530
Toledo,2021-03-31,1076
Madison,2021-03-31,1257
Lakeland,2021-03-31,1444
Ogden,2021-03-31,1419
Daytona Beach,2021-03-31,1499
Des Moines,2021-03-31,1110
Jackson,2021-03-31,1249
Youngstown,2021-03-31,848
Augusta,2021-03-31,1143
Scranton,2021-03-31,1050
Harrisburg,2021-03-31,1180
Melbourne,2021-03-31,1531
Chattanooga,2021-03-31,1231
Spokane,2021-03-31,1318
Provo,2021-03-31,1466
Durham,2021-03-31,1357
Port St. Lucie,2021-03-31,1765
Killeen,2021-03-31,1125
Fort Collins,2021-03-31,1618
Boulder,2021-03-31,1938
College Station,2021-03-31,1227
Gainesville,2021-03-31,1331
Sierra Vista,2021-03-31,983
Sebring,2021-03-31,1058
New York,2021-04-30,2545
Los Angeles-Long Beach-Anaheim,2021-04-30,2494
Chicago,2021-04-30,1709
Dallas-Fort Worth,2021-04-30,1498
Philadelphia,2021-04-30,1628
Houston,2021-04-30,1389
Washington,2021-04-30,1975
Miami-Fort Lauderdale,2021-04-30,2112
Atlanta,2021-04-30,1615
Boston,2021-04-30,2456
San Francisco,2021-04-30,2903
Detroit,2021-04-30,1291
Riverside,2021-04-30,2195
Phoenix,2021-04-30,1577
Seattle,2021-04-30,1925
Minneapolis-St Paul,2021-04-30,1530
San Diego,2021-04-30,2490
St. Louis,2021-04-30,1133
Tampa,2021-04-30,1615
Baltimore,2021-04-30,1601
Denver,2021-04-30,1705
Pittsburgh,2021-04-30,1222
Portland,2021-04-30,1651
Charlotte,2021-04-30,1489
Sacramento,2021-04-30,2005
San Antonio,2021-04-30,1270
Orlando,2021-04-30,1607
Cincinnati,2021-04-30,1273
Cleveland,2021-04-30,1216
Kansas City,2021-04-30,1190
Las Vegas,2021-04-30,1528
Columbus,2021-04-30,1264
Indianapolis,2021-04-30,1273
San Jose,2021-04-30,2901
Austin,2021-04-30,1532
Virginia Beach,2021-04-30,1417
Nashville,2021-04-30,1530
Providence,2021-04-30,1650
Milwaukee,2021-04-30,1097
Jacksonville,2021-04-30,1451
Memphis,2021-04-30,1306
Oklahoma City,2021-04-30,1169
Louisville-Jefferson County,2021-04-30,1144
Hartford,2021-04-30,1463
Richmond,2021-04-30,1386
New Orleans,2021-04-30,1305
Buffalo,2021-04-30,1107
Raleigh,2021-04-30,1458
Birmingham,2021-04-30,1181
Salt Lake City,2021-04-30,1397
Rochester,2021-04-30,1265
Grand Rapids,2021-04-30,1279
Tucson,2021-04-30,1362
Urban Honolulu,2021-04-30,2452
Tulsa,2021-04-30,1138
Fresno,2021-04-30,1762
Worcester,2021-04-30,1582
Stamford,2021-04-30,2375
Albuquerque,2021-04-30,1272
Albany,2021-04-30,1289
Omaha,2021-04-30,1095
New Haven,2021-04-30,1687
Bakersfield,2021-04-30,1477
Knoxville,2021-04-30,1338
Greenville,2021-04-30,1295
Ventura,2021-04-30,2679
Allentown,2021-04-30,1561
El Paso,2021-04-30,1190
Baton Rouge,2021-04-30,1238
Dayton,2021-04-30,1119
McAllen,2021-04-30,970
Columbia,2021-04-30,1226
Greensboro,2021-04-30,1178
Akron,2021-04-30,1047
North Port-Sarasota-Bradenton,2021-04-30,1804
Little Rock,2021-04-30,1044
Stockton,2021-04-30,2178
Charleston,2021-04-30,1528
Syracuse,2021-04-30,1211
Colorado Springs,2021-04-30,1620
Winston-Salem,2021-04-30,1368
Wichita,2021-04-30,872
Springfield,2021-04-30,1454
Fort Myers,2021-04-30,1592
Boise City,2021-04-30,1570
Toledo,2021-04-30,1097
Madison,2021-04-30,1262
Lakeland,2021-04-30,1467
Ogden,2021-04-30,1448
Daytona Beach,2021-04-30,1526
Des Moines,2021-04-30,1110
Jackson,2021-04-30,1256
Youngstown,2021-04-30,868
Augusta,2021-04-30,1171
Scranton,2021-04-30,1077
Harrisburg,2021-04-30,1204
Melbourne,2021-04-30,1561
Chattanooga,2021-04-30,1264
Spokane,2021-04-30,1365
Provo,2021-04-30,1482
Durham,2021-04-30,1397
Port St. Lucie,2021-04-30,1824
Killeen,2021-04-30,1157
Fort Collins,2021-04-30,1640
Boulder,2021-04-30,1962
College Station,2021-04-30,1230
Gainesville,2021-04-30,1379
Sierra Vista,2021-04-30,987
Sebring,2021-04-30,1065
New York,2021-05-31,2593
Los Angeles-Long Beach-Anaheim,2021-05-31,2524
Chicago,2021-05-31,1739
Dallas-Fort Worth,2021-05-31,1528
Philadelphia,2021-05-31,1650
Houston,2021-05-31,1414
Washington,2021-05-31,2008
Miami-Fort Lauderdale,2021-05-31,2160
Atlanta,2021-05-31,1649
Boston,2021-05-31,2497
San Francisco,2021-05-31,2943
Detroit,2021-05-31,1305
Riverside,2021-05-31,2225
Phoenix,2021-05-31,1626
Seattle,2021-05-31,1968
Minneapolis-St Paul,2021-05-31,1547
San Diego,2021-05-31,2537
St. Louis,2021-05-31,1146
Tampa,2021-05-31,1664
Baltimore,2021-05-31,1627
Denver,2021-05-31,1742
Pittsburgh,2021-05-31,1231
Portland,2021-05-31,1682
Charlotte,2021-05-31,1515
Sacramento,2021-05-31,2041
San Antonio,2021-05-31,1289
Orlando,2021-05-31,1640
Cincinnati,2021-05-31,1283
Cleveland,2021-05-31,1237
Kansas City,2021-05-31,1208
Las Vegas,2021-05-31,1578
Columbus,2021-05-31,1282
Indianapolis,2021-05-31,1295
San Jose,2021-05-31,2950
Austin,2021-05-31,1576
Virginia Beach,2021-05-31,1449
Nashville,2021-05-31,1560
Providence,2021-05-31,1695
Milwaukee,2021-05-31,1106
Jacksonville,2021-05-31,1484
Memphis,2021-05-31,1340
Oklahoma City,2021-05-31,1190
Louisville-Jefferson County,2021-05-31,1156
Hartford,2021-05-31,1487
Richmond,2021-05-31,1414
New Orleans,2021-05-31,1318
Buffalo,2021-05-31,1118
Raleigh,2021-05-31,1493
Birmingham,2021-05-31,1195
Salt Lake City,2021-05-31,1440
Rochester,2021-05-31,1286
Grand Rapids,2021-05-31,1298
Tucson,2021-05-31,1380
Urban Honolulu,2021-05-31,2484
Tulsa,2021-05-31,1150
Fresno,2021-05-31,1798
Worcester,2021-05-31,1616
Stamford,2021-05-31,2418
Albuquerque,2021-05-31,1295
Albany,2021-05-31,1316
Omaha,2021-05-31,1112
New Haven,2021-05-31,1734
Bakersfield,2021-05-31,1487
Knoxville,2021-05-31,1381
Greenville,2021-05-31,1319
Ventura,2021-05-31,2700
Allentown,2021-05-31,1590
El Paso,2021-05-31,1210
Baton Rouge,2021-05-31,1235
Dayton,2021-05-31,1120
McAllen,2021-05-31,981
Columbia,2021-05-31,1242
Greensboro,2021-05-31,1185
Akron,2021-05-31,1054
North Port-Sarasota-Bradenton,2021-05-31,1846
Little Rock,2021-05-31,1050
Stockton,2021-05-31,2243
Charleston,2021-05-31,1559
Syracuse,2021-05-31,1217
Colorado Springs,2021-05-31,1653
Winston-Salem,2021-05-31,1397
Wichita,2021-05-31,880
Springfield,2021-05-31,1457
Fort Myers,2021-05-31,1627
Boise City,2021-05-31,1618
Toledo,2021-05-31,1142
Madison,2021-05-31,1266
Lakeland,2021-05-31,1499
Ogden,2021-05-31,1485
Daytona Beach,2021-05-31,1536
Des Moines,2021-05-31,1119
Jackson,2021-05-31,1282
Youngstown,2021-05-31,866
Augusta,2021-05-31,1179
Scranton,2021-05-31,1104
Harrisburg,2021-05-31,1225
Melbourne,2021-05-31,1594
Chattanooga,2021-05-31,1307
Spokane,2021-05-31,1434
Provo,2021-05-31,1506
Durham,2021-05-31,1436
Port St. Lucie,2021-05-31,1850
Killeen,2021-05-31,1183
Fort Collins,2021-05-31,1660
Boulder,2021-05-31,1986
College Station,2021-05-31,1218
Gainesville,2021-05-31,1436
Sierra Vista,2021-05-31,1045
Sebring,2021-05-31,1078
New York,2021-06-30,2644
Los Angeles-Long Beach-Anaheim,2021-06-30,2566
Chicago,2021-06-30,1766
Dallas-Fort Worth,2021-06-30,1566
Philadelphia,2021-06-30,1672
Houston,2021-06-30,1446
Washington,2021-06-30,2048
Miami-Fort Lauderdale,2021-06-30,2219
Atlanta,2021-06-30,1693
Boston,2021-06-30,2542
San Francisco,2021-06-30,2999
Detroit,2021-06-30,1322
Riverside,2021-06-30,2277
Phoenix,2021-06-30,1680
Seattle,2021-06-30,2022
Minneapolis-St Paul,2021-06-30,1562
San Diego,2021-06-30,2581
St. Louis,2021-06-30,1155
Tampa,2021-06-30,1723
Baltimore,2021-06-30,1651
Denver,2021-06-30,1782
Pittsburgh,2021-06-30,1246
Portland,2021-06-30,1713
Charlotte,2021-06-30,1550
Sacramento,2021-06-30,2082
San Antonio,2021-06-30,1314
Orlando,2021-06-30,1685
Cincinnati,2021-06-30,1299
Cleveland,2021-06-30,1251
Kansas City,2021-06-30,1226
Las Vegas,2021-06-30,1637
Columbus,2021-06-30,1296
Indianapolis,2021-06-30,1321
San Jose,2021-06-30,2998
Austin,2021-06-30,1629
Virginia Beach,2021-06-30,1476
Nashville,2021-06-30,1597
Providence,2021-06-30,1698
Milwaukee,2021-06-30,1116
Jacksonville,2021-06-30,1530
Memphis,2021-06-30,1361
Oklahoma City,2021-06-30,1219
Louisville-Jefferson County,2021-06-30,1162
Hartford,2021-06-30,1509
Richmond,2021-06-30,1442
New Orleans,2021-06-30,1313
Buffalo,2021-06-30,1130
Raleigh,2021-06-30,1532
Birmingham,2021-06-30,1207
Salt Lake City,2021-06-30,1468
Rochester,2021-06-30,1296
Grand Rapids,2021-06-30,1322
Tucson,2021-06-30,1401
Urban Honolulu,2021-06-30,2457
Tulsa,2021-06-30,1161
Fresno,2021-06-30,1839
Worcester,2021-06-30,1632
Stamford,2021-06-30,2454
Albuquerque,2021-06-30,1329
Albany,2021-06-30,1326
Omaha,2021-06-30,1137
New Haven,2021-06-30,1770
Bakersfield,2021-06-30,1502
Knoxville,2021-06-30,1418
Greenville,2021-06-30,1349
Ventura,2021-06-30,2751
Allentown,2021-06-30,1634
El Paso,2021-06-30,1199
Baton Rouge,2021-06-30,1253
Dayton,2021-06-30,1140
McAllen,2021-06-30,979
Columbia,2021-06-30,1275
Greensboro,2021-06-30,1208
Akron,2021-06-30,1068
North Port-Sarasota-Bradenton,2021-06-30,1927
Little Rock,2021-06-30,1067
Stockton,2021-06-30,2293
Charleston,2021-06-30,1598
Syracuse,2021-06-30,1246
Colorado Springs,2021-06-30,1687
Winston-Salem,2021-06-30,1427
Wichita,2021-06-30,897
Springfield,2021-06-30,1450
Fort Myers,2021-06-30,1674
Boise City,2021-06-30,1663
Toledo,2021-06-30,1157
Madison,2021-06-30,1270
Lakeland,2021-06-30,1542
Ogden,2021-06-30,1514
Daytona Beach,2021-06-30,1560
Des Moines,2021-06-30,1126
Jackson,2021-06-30,1307
Youngstown,2021-06-30,888
Augusta,2021-06-30,1204
Scranton,2021-06-30,1122
Harrisburg,2021-06-30,1258
Melbourne,2021-06-30,1626
Chattanooga,2021-06-30,1308
Spokane,2021-06-30,1478
Provo,2021-06-30,1530
Durham,2021-06-30,1472
Port St. Lucie,2021-06-30,1910
Killeen,2021-06-30,1221
Fort Collins,2021-06-30,1690
Boulder,2021-06-30,2014
College Station,2021-06-30,1226
Gainesville,2021-06-30,1467
Sierra Vista,2021-06-30,1074
Sebring,2021-06-30,1094
New York,2021-07-31,2708
Los Angeles-Long Beach-Anaheim,2021-07-31,2613
Chicago,2021-07-31,1785
Dallas-Fort Worth,2021-07-31,1607
Philadelphia,2021-07-31,1693
Houston,2021-07-31,1475
Washington,2021-07-31,2086
Miami-Fort Lauderdale,2021-07-31,2293
Atlanta,2021-07-31,1745
Boston,2021-07-31,2579
San Francisco,2021-07-31,3058
Detroit,2021-07-31,1342
Riverside,2021-07-31,2336
Phoenix,2021-07-31,1739
Seattle,2021-07-31,2074
Minneapolis-St Paul,2021-07-31,1574
San Diego,2021-07-31,2643
St. Louis,2021-07-31,1172
Tampa,2021-07-31,1792
Baltimore,2021-07-31,1683
Denver,2021-07-31,1824
Pittsburgh,2021-07-31,1252
Portland,2021-07-31,1747
Charlotte,2021-07-31,1585
Sacramento,2021-07-31,2136
San Antonio,2021-07-31,1347
Orlando,2021-07-31,1741
Cincinnati,2021-07-31,1314
Cleveland,2021-07-31,1267
Kansas City,2021-07-31,1242
Las Vegas,2021-07-31,1698
Columbus,2021-07-31,1321
Indianapolis,2021-07-31,1347
San Jose,2021-07-31,3050
Austin,2021-07-31,1693
Virginia Beach,2021-07-31,1512
Nashville,2021-07-31,1638
Providence,2021-07-31,1728
Milwaukee,2021-07-31,1124
Jacksonville,2021-07-31,1581
Memphis,2021-07-31,1378
Oklahoma City,2021-07-31,1238
Louisville-Jefferson County,2021-07-31,1175
Hartford,2021-07-31,1528
Richmond,2021-07-31,1465
New Orleans,2021-07-31,1336
Buffalo,2021-07-31,1147
Raleigh,2021-07-31,1580
Birmingham,2021-07-31,1233
Salt Lake City,2021-07-31,1491
Rochester,2021-07-31,1311
Grand Rapids,2021-07-31,1365
Tucson,2021-07-31,1423
Urban Honolulu,2021-07-31,2504
Tulsa,2021-07-31,1196
Fresno,2021-07-31,1899
Worcester,2021-07-31,1654
Stamford,2021-07-31,2483
Albuquerque,2021-07-31,1368
Albany,2021-07-31,1347
Omaha,2021-07-31,1151
New Haven,2021-07-31,1823
Bakersfield,2021-07-31,1535
Knoxville,2021-07-31,1462
Greenville,2021-07-31,1387
Ventura,2021-07-31,2780
Allentown,2021-07-31,1663
El Paso,2021-07-31,1231
Baton Rouge,2021-07-31,1275
Dayton,2021-07-31,1173
McAllen,2021-07-31,996
Columbia,2021-07-31,1296
Greensboro,2021-07-31,1229
Akron,2021-07-31,1082
North Port-Sarasota-Bradenton,2021-07-31,2010
Little Rock,2021-07-31,1091
Stockton,2021-07-31,2321
Charleston,2021-07-31,1646
Syracuse,2021-07-31,1261
Colorado Springs,2021-07-31,1731
Winston-Salem,2021-07-31,1451
Wichita,2021-07-31,891
Springfield,2021-07-31,1481
Fort Myers,2021-07-31,1737
Boise City,2021-07-31,1704
Toledo,2021-07-31,1164
Madison,2021-07-31,1287
Lakeland,2021-07-31,1577
Ogden,2021-07-31,1557
Daytona Beach,2021-07-31,1616
Des Moines,2021-07-31,1133
Jackson,2021-07-31,1327
Youngstown,2021-07-31,892
Augusta,2021-07-31,1236
Scranton,2021-07-31,1141
Harrisburg,2021-07-31,1274
Melbourne,2021-07-31,1673
Chattanooga,2021-07-31,1332
Spokane,2021-07-31,1511
Provo,2021-07-31,1571
Durham,2021-07-31,1504
Port St. Lucie,2021-07-31,1951
Killeen,2021-07-31,1255
Fort Collins,2021-07-31,1713
Boulder,2021-07-31,2046
College Station,2021-07-31,1245
Gainesville,2021-07-31,1504
Sierra Vista,2021-07-31,1084
Sebring,2021-07-31,1104
New York,2021-08-31,2757
Los Angeles-Long Beach-Anaheim,2021-08-31,2671
Chicago,2021-08-31,1804
Dallas-Fort Worth,2021-08-31,1644
Philadelphia,2021-08-31,1724
Houston,2021-08-31,1499
Washington,2021-08-31,2122
Miami-Fort Lauderdale,2021-08-31,2367
Atlanta,2021-08-31,1802
Boston,2021-08-31,2602
San Francisco,2021-08-31,3088
Detroit,2021-08-31,1358
Riverside,2021-08-31,2387
Phoenix,2021-08-31,1789
Seattle,2021-08-31,2118
Minneapolis-St Paul,2021-08-31,1585
San Diego,2021-08-31,2702
St. Louis,2021-08-31,1181
Tampa,2021-08-31,1862
Baltimore,2021-08-31,1707
Denver,2021-08-31,1859
Pittsburgh,2021-08-31,1269
Portland,2021-08-31,1775
Charlotte,2021-08-31,1625
Sacramento,2021-08-31,2160
San Antonio,2021-08-31,1384
Orlando,2021-08-31,1795
Cincinnati,2021-08-31,1318
Cleveland,2021-08-31,1277
Kansas City,2021-08-31,1248
Las Vegas,2021-08-31,1754
Columbus,2021-08-31,1339
Indianapolis,2021-08-31,1369
San Jose,2021-08-31,3098
Austin,2021-08-31,1745
Virginia Beach,2021-08-31,1536
Nashville,2021-08-31,1687
Providence,2021-08-31,1742
Milwaukee,2021-08-31,1141
Jacksonville,2021-08-31,1625
Memphis,2021-08-31,1404
Oklahoma City,2021-08-31,1256
Louisville-Jefferson County,2021-08-31,1180
Hartford,2021-08-31,1538
Richmond,2021-08-31,1464
New Orleans,2021-08-31,1362
Buffalo,2021-08-31,1158
Raleigh,2021-08-31,1617
Birmingham,2021-08-31,1247
Salt Lake City,2021-08-31,1510
Rochester,2021-08-31,1323
Grand Rapids,2021-08-31,1380
Tucson,2021-08-31,1471
Urban Honolulu,2021-08-31,2532
Tulsa,2021-08-31,1215
Fresno,2021-08-31,1936
Worcester,2021-08-31,1675
Stamford,2021-08-31,2502
Albuquerque,2021-08-31,1417
Albany,2021-08-31,1345
Omaha,2021-08-31,1156
New Haven,2021-08-31,1818
Bakersfield,2021-08-31,1542
Knoxville,2021-08-31,1498
Greenville,2021-08-31,1406
Ventura,2021-08-31,2807
Allentown,2021-08-31,1679
El Paso,2021-08-31,1257
Baton Rouge,2021-08-31,1290
Dayton,2021-08-31,1187
McAllen,2021-08-31,997
Columbia,2021-08-31,1315
Greensboro,2021-08-31,1249
Akron,2021-08-31,1093
North Port-Sarasota-Bradenton,2021-08-31,2102
Little Rock,2021-08-31,1115
Stockton,2021-08-31,2338
Charleston,2021-08-31,1698
Syracuse,2021-08-31,1270
Colorado Springs,2021-08-31,1754
Winston-Salem,2021-08-31,1472
Wichita,2021-08-31,904
Springfield,2021-08-31,1473
Fort Myers,2021-08-31,1827
Boise City,2021-08-31,1727
Toledo,2021-08-31,1189
Madison,2021-08-31,1286
Lakeland,2021-08-31,1614
Ogden,2021-08-31,1554
Daytona Beach,2021-08-31,1627
Des Moines,2021-08-31,1142
Jackson,2021-08-31,1322
Youngstown,2021-08-31,939
Augusta,2021-08-31,1250
Scranton,2021-08-31,1154
Harrisburg,2021-08-31,1295
Melbourne,2021-08-31,1726
Chattanooga,2021-08-31,1364
Spokane,2021-08-31,1524
Provo,2021-08-31,1590
Durham,2021-08-31,1529
Port St. Lucie,2021-08-31,1990
Killeen,2021-08-31,1287
Fort Collins,2021-08-31,1730
Boulder,2021-08-31,2073
College Station,2021-08-31,1261
Gainesville,2021-08-31,1550
Sierra Vista,2021-08-31,1058
Sebring,2021-08-31,1115
New York,2021-09-30,2799
Los Angeles-Long Beach-Anaheim,2021-09-30,2708
Chicago,2021-09-30,1809
Dallas-Fort Worth,2021-09-30,1667
Philadelphia,2021-09-30,1736
Houston,2021-09-30,1504
Washington,2021-09-30,2139
Miami-Fort Lauderdale,2021-09-30,2421
Atlanta,2021-09-30,1836
Boston,2021-09-30,2631
San Francisco,2021-09-30,3099
Detroit,2021-09-30,1362
Riverside,2021-09-30,2419
Phoenix,2021-09-30,1820
Seattle,2021-09-30,2149
Minneapolis-St Paul,2021-09-30,1596
San Diego,2021-09-30,2745
St. Louis,2021-09-30,1196
Tampa,2021-09-30,1907
Baltimore,2021-09-30,1720
Denver,2021-09-30,1874
Pittsburgh,2021-09-30,1283
Portland,2021-09-30,1795
Charlotte,2021-09-30,1654
Sacramento,2021-09-30,2174
San Antonio,2021-09-30,1406
Orlando,2021-09-30,1832
Cincinnati,2021-09-30,1333
Cleveland,2021-09-30,1290
Kansas City,2021-09-30,1241
Las Vegas,2021-09-30,1784
Columbus,2021-09-30,1342
Indianapolis,2021-09-30,1385
San Jose,2021-09-30,3115
Austin,2021-09-30,1769
Virginia Beach,2021-09-30,1564
Nashville,2021-09-30,1708
Providence,2021-09-30,1741
Milwaukee,2021-09-30,1147
Jacksonville,2021-09-30,1663
Memphis,2021-09-30,1413
Oklahoma City,2021-09-30,1261
Louisville-Jefferson County,2021-09-30,1193
Hartford,2021-09-30,1560
Richmond,2021-09-30,1488
New Orleans,2021-09-30,1404
Buffalo,2021-09-30,1164
Raleigh,2021-09-30,1636
Birmingham,2021-09-30,1253
Salt Lake City,2021-09-30,1525
Rochester,2021-09-30,1320
Grand Rapids,2021-09-30,1372
Tucson,2021-09-30,1490
Urban Honolulu,2021-09-30,2550
Tulsa,2021-09-30,1226
Fresno,2021-09-30,1933
Worcester,2021-09-30,1685
Stamford,2021-09-30,2505
Albuquerque,2021-09-30,1427
Albany,2021-09-30,1358
Omaha,2021-09-30,1159
New Haven,2021-09-30,1820
Bakersfield,2021-09-30,1595
Knoxville,2021-09-30,1528
Greenville,2021-09-30,1408
Ventura,2021-09-30,2879
Allentown,2021-09-30,1687
El Paso,2021-09-30,1265
Baton Rouge,2021-09-30,1318
Dayton,2021-09-30,1211
McAllen,2021-09-30,1014
Columbia,2021-09-30,1334
Greensboro,2021-09-30,1264
Akron,2021-09-30,1088
North Port-Sarasota-Bradenton,2021-09-30,2159
Little Rock,2021-09-30,1123
Stockton,2021-09-30,2355
Charleston,2021-09-30,1710
Syracuse,2021-09-30,1346
Colorado Springs,2021-09-30,1757
Winston-Salem,2021-09-30,1484
Wichita,2021-09-30,909
Springfield,2021-09-30,1465
Fort Myers,2021-09-30,1891
Boise City,2021-09-30,1724
Toledo,2021-09-30,1188
Madison,2021-09-30,1297
Lakeland,2021-09-30,1666
Ogden,2021-09-30,1571
Daytona Beach,2021-09-30,1665
Des Moines,2021-09-30,1154
Jackson,2021-09-30,1316
Youngstown,2021-09-30,911
Augusta,2021-09-30,1255
Scranton,2021-09-30,1180
Harrisburg,2021-09-30,1320
Melbourne,2021-09-30,1767
Chattanooga,2021-09-30,1375
Spokane,2021-09-30,1516
Provo,2021-09-30,1605
Durham,2021-09-30,1554
Port St. Lucie,2021-09-30,2037
Killeen,2021-09-30,1298
Fort Collins,2021-09-30,1732
Boulder,2021-09-30,2067
College Station,2021-09-30,1237
Gainesville,2021-09-30,1533
Sierra Vista,2021-09-30,1118
Sebring,2021-09-30,1165
New York,2021-10-31,2826
Los Angeles-Long Beach-Anaheim,2021-10-31,2735
Chicago,2021-10-31,1813
Dallas-Fort Worth,2021-10-31,1681
Philadelphia,2021-10-31,1751
Houston,2021-10-31,1518
Washington,2021-10-31,2155
Miami-Fort Lauderdale,2021-10-31,2472
Atlanta,2021-10-31,1859
Boston,2021-10-31,2653
San Francisco,2021-10-31,3110
Detroit,2021-10-31,1374
Riverside,2021-10-31,2424
Phoenix,2021-10-31,1846
Seattle,2021-10-31,2159
Minneapolis-St Paul,2021-10-31,1596
San Diego,2021-10-31,2782
St. Louis,2021-10-31,1200
Tampa,2021-10-31,1940
Baltimore,2021-10-31,1710
Denver,2021-10-31,1879
Pittsburgh,2021-10-31,1285
Portland,2021-10-31,1800
Charlotte,2021-10-31,1671
Sacramento,2021-10-31,2187
San Antonio,2021-10-31,1412
Orlando,2021-10-31,1868
Cincinnati,2021-10-31,1348
Cleveland,2021-10-31,1290
Kansas City,2021-10-31,1257
Las Vegas,2021-10-31,1803
Columbus,2021-10-31,1355
Indianapolis,2021-10-31,1390
San Jose,2021-10-31,3109
Austin,2021-10-31,1785
Virginia Beach,2021-10-31,1577
Nashville,2021-10-31,1727
Providence,2021-10-31,1746
Milwaukee,2021-10-31,1150
Jacksonville,2021-10-31,1676
Memphis,2021-10-31,1435
Oklahoma City,2021-10-31,1265
Louisville-Jefferson County,2021-10-31,1193
Hartford,2021-10-31,1545
Richmond,2021-10-31,1502
New Orleans,2021-10-31,1408
Buffalo,2021-10-31,1170
Raleigh,2021-10-31,1650
Birmingham,2021-10-31,1265
Salt Lake City,2021-10-31,1555
Rochester,2021-10-31,1323
Grand Rapids,2021-10-31,1346
Tucson,2021-10-31,1519
Urban Honolulu,2021-10-31,2572
Tulsa,2021-10-31,1197
Fresno,2021-10-31,1921
Worcester,2021-10-31,1698
Stamford,2021-10-31,2495
Albuquerque,2021-10-31,1425
Albany,2021-10-31,1360
Omaha,2021-10-31,1166
New Haven,2021-10-31,1843
Bakersfield,2021-10-31,1591
Knoxville,2021-10-31,1533
Greenville,2021-10-31,1429
Ventura,2021-10-31,2899
Allentown,2021-10-31,1703
El Paso,2021-10-31,1278
Baton Rouge,2021-10-31,1323
Dayton,2021-10-31,1217
McAllen,2021-10-31,1028
Columbia,2021-10-31,1346
Greensboro,2021-10-31,1296
Akron,2021-10-31,1085
North Port-Sarasota-Bradenton,2021-10-31,2212
Little Rock,2021-10-31,1118
Stockton,2021-10-31,2353
Charleston,2021-10-31,1726
Syracuse,2021-10-31,1352
Colorado Springs,2021-10-31,1757
Winston-Salem,2021-10-31,1496
Wichita,2021-10-31,917
Springfield,2021-10-31,1480
Fort Myers,2021-10-31,1930
Boise City,2021-10-31,1700
Toledo,2021-10-31,1182
Madison,2021-10-31,1310
Lakeland,2021-10-31,1673
Ogden,2021-10-31,1595
Daytona Beach,2021-10-31,1684
Des Moines,2021-10-31,1159
Jackson,2021-10-31,1323
Youngstown,2021-10-31,920
Augusta,2021-10-31,1271
Scranton,2021-10-31,1177
Harrisburg,2021-10-31,1279
Melbourne,2021-10-31,1775
Chattanooga,2021-10-31,1390
Spokane,2021-10-31,1512
Provo,2021-10-31,1668
Durham,2021-10-31,1573
Port St. Lucie,2021-10-31,2129
Killeen,2021-10-31,1331
Fort Collins,2021-10-31,1757
Boulder,2021-10-31,2073
College Station,2021-10-31,1256
Gainesville,2021-10-31,1532
Sierra Vista,2021-10-31,1175
Sebring,2021-10-31,1160
New York,2021-11-30,2852
Los Angeles-Long Beach-Anaheim,2021-11-30,2759
Chicago,2021-11-30,1818
Dallas-Fort Worth,2021-11-30,1700
Philadelphia,2021-11-30,1766
Houston,2021-11-30,1526
Washington,2021-11-30,2163
Miami-Fort Lauderdale,2021-11-30,2540
Atlanta,2021-11-30,1869
Boston,2021-11-30,2680
San Francisco,2021-11-30,3107
Detroit,2021-11-30,1381
Riverside,2021-11-30,2431
Phoenix,2021-11-30,1872
Seattle,2021-11-30,2165
Minneapolis-St Paul,2021-11-30,1591
San Diego,2021-11-30,2810
St. Louis,2021-11-30,1211
Tampa,2021-11-30,1966
Baltimore,2021-11-30,1728
Denver,2021-11-30,1883
Pittsburgh,2021-11-30,1296
Portland,2021-11-30,1806
Charlotte,2021-11-30,1688
Sacramento,2021-11-30,2201
San Antonio,2021-11-30,1417
Orlando,2021-11-30,1899
Cincinnati,2021-11-30,1356
Cleveland,2021-11-30,1297
Kansas City,2021-11-30,1268
Las Vegas,2021-11-30,1812
Columbus,2021-11-30,1366
Indianapolis,2021-11-30,1391
San Jose,2021-11-30,3117
Austin,2021-11-30,1786
Virginia Beach,2021-11-30,1571
Nashville,2021-11-30,1743
Providence,2021-11-30,1756
Milwaukee,2021-11-30,1149
Jacksonville,2021-11-30,1697
Memphis,2021-11-30,1439
Oklahoma City,2021-11-30,1270
Louisville-Jefferson County,2021-11-30,1207
Hartford,2021-11-30,1574
Richmond,2021-11-30,1529
New Orleans,2021-11-30,1450
Buffalo,2021-11-30,1159
Raleigh,2021-11-30,1659
Birmingham,2021-11-30,1285
Salt Lake City,2021-11-30,1568
Rochester,2021-11-30,1323
Grand Rapids,2021-11-30,1377
Tucson,2021-11-30,1530
Urban Honolulu,2021-11-30,2560
Tulsa,2021-11-30,1268
Fresno,2021-11-30,1944
Worcester,2021-11-30,1736
Stamford,2021-11-30,2522
Albuquerque,2021-11-30,1436
Albany,2021-11-30,1366
Omaha,2021-11-30,1171
New Haven,2021-11-30,1878
Bakersfield,2021-11-30,1632
Knoxville,2021-11-30,1533
Greenville,2021-11-30,1437
Ventura,2021-11-30,2905
Allentown,2021-11-30,1718
El Paso,2021-11-30,1276
Baton Rouge,2021-11-30,1314
Dayton,2021-11-30,1219
McAllen,2021-11-30,1031
Columbia,2021-11-30,1370
Greensboro,2021-11-30,1320
Akron,2021-11-30,1110
North Port-Sarasota-Bradenton,2021-11-30,2282
Little Rock,2021-11-30,1129
Stockton,2021-11-30,2319
Charleston,2021-11-30,1749
Syracuse,2021-11-30,1313
Colorado Springs,2021-11-30,1765
Winston-Salem,2021-11-30,1517
Wichita,2021-11-30,919
Springfield,2021-11-30,1509
Fort Myers,2021-11-30,1984
Boise City,2021-11-30,1711
Toledo,2021-11-30,1181
Madison,2021-11-30,1308
Lakeland,2021-11-30,1700
Ogden,2021-11-30,1598
Daytona Beach,2021-11-30,1719
Des Moines,2021-11-30,1156
Jackson,2021-11-30,1332
Youngstown,2021-11-30,931
Augusta,2021-11-30,1280
Scranton,2021-11-30,1184
Harrisburg,2021-11-30,1304
Melbourne,2021-11-30,1809
Chattanooga,2021-11-30,1371
Spokane,2021-11-30,1507
Provo,2021-11-30,1659
Durham,2021-11-30,1580
Port St. Lucie,2021-11-30,2228
Killeen,2021-11-30,1339
Fort Collins,2021-11-30,1757
Boulder,2021-11-30,2080
College Station,2021-11-30,1296
Gainesville,2021-11-30,1561
Sierra Vista,2021-11-30,1169
Sebring,2021-11-30,1200
New York,2021-12-31,2884
Los Angeles-Long Beach-Anaheim,2021-12-31,2781
Chicago,2021-12-31,1832
Dallas-Fort Worth,2021-12-31,1710
Philadelphia,2021-12-31,1788
Houston,2021-12-31,1536
Washington,2021-12-31,2168
Miami-Fort Lauderdale,2021-12-31,2610
Atlanta,2021-12-31,1869
Boston,2021-12-31,2677
San Francisco,2021-12-31,3129
Detroit,2021-12-31,1389
Riverside,2021-12-31,2452
Phoenix,2021-12-31,1878
Seattle,2021-12-31,2168
Minneapolis-St Paul,2021-12-31,1595
San Diego,2021-12-31,2838
St. Louis,2021-12-31,1218
Tampa,2021-12-31,1983
Baltimore,2021-12-31,1739
Denver,2021-12-31,1892
Pittsburgh,2021-12-31,1289
Portland,2021-12-31,1810
Charlotte,2021-12-31,1705
Sacramento,2021-12-31,2191
San Antonio,2021-12-31,1431
Orlando,2021-12-31,1910
Cincinnati,2021-12-31,1363
Cleveland,2021-12-31,1307
Kansas City,2021-12-31,1277
Las Vegas,2021-12-31,1817
Columbus,2021-12-31,1383
Indianapolis,2021-12-31,1391
San Jose,2021-12-31,3130
Austin,2021-12-31,1800
Virginia Beach,2021-12-31,1571
Nashville,2021-12-31,1754
Providence,2021-12-31,1781
Milwaukee,2021-12-31,1149
Jacksonville,2021-12-31,1714
Memphis,2021-12-31,1449
Oklahoma City,2021-12-31,1272
Louisville-Jefferson County,2021-12-31,1220
Hartford,2021-12-31,1577
Richmond,2021-12-31,1540
New Orleans,2021-12-31,1507
Buffalo,2021-12-31,1176
Raleigh,2021-12-31,1670
Birmingham,2021-12-31,1289
Salt Lake City,2021-12-31,1586
Rochester,2021-12-31,1340
Grand Rapids,2021-12-31,1399
Tucson,2021-12-31,1545
Urban Honolulu,2021-12-31,2592
Tulsa,2021-12-31,1285
Fresno,2021-12-31,1928
Worcester,2021-12-31,1728
Stamford,2021-12-31,2499
Albuquerque,2021-12-31,1453
Albany,2021-12-31,1377
Omaha,2021-12-31,1175
New Haven,2021-12-31,1872
Bakersfield,2021-12-31,1667
Knoxville,2021-12-31,1558
Greenville,2021-12-31,1431
Ventura,2021-12-31,2950
Allentown,2021-12-31,1746
El Paso,2021-12-31,1296
Baton Rouge,2021-12-31,1327
Dayton,2021-12-31,1213
McAllen,2021-12-31,1034
Columbia,2021-12-31,1369
Greensboro,2021-12-31,1327
Akron,2021-12-31,1106
North Port-Sarasota-Bradenton,2021-12-31,2378
Little Rock,2021-12-31,1135
Stockton,2021-12-31,2342
Charleston,2021-12-31,1752
Syracuse,2021-12-31,1360
Colorado Springs,2021-12-31,1775
Winston-Salem,2021-12-31,1498
Wichita,2021-12-31,922
Springfield,2021-12-31,1513
Fort Myers,2021-12-31,2020
Boise City,2021-12-31,1706
Toledo,2021-12-31,1192
Madison,2021-12-31,1312
Lakeland,2021-12-31,1704
Ogden,2021-12-31,1622
Daytona Beach,2021-12-31,1736
Des Moines,2021-12-31,1159
Jackson,2021-12-31,1331
Youngstown,2021-12-31,958
Augusta,2021-12-31,1279
Scranton,2021-12-31,1163
Harrisburg,2021-12-31,1322
Melbourne,2021-12-31,1824
Chattanooga,2021-12-31,1405
Spokane,2021-12-31,1489
Provo,2021-12-31,1657
Durham,2021-12-31,1602
Port St. Lucie,2021-12-31,2237
Killeen,2021-12-31,1356
Fort Collins,2021-12-31,1776
Boulder,2021-12-31,2104
College Station,2021-12-31,1310
Gainesville,2021-12-31,1583
Sierra Vista,2021-12-31,1152
Sebring,2021-12-31,1208
New York,2022-01-31,2917
Los Angeles-Long Beach-Anaheim,2022-01-31,2801
Chicago,2022-01-31,1846
Dallas-Fort Worth,2022-01-31,1719
Philadelphia,2022-01-31,1784
Houston,2022-01-31,1535
Washington,2022-01-31,2172
Miami-Fort Lauderdale,2022-01-31,2638
Atlanta,2022-01-31,1875
Boston,2022-01-31,2686
San Francisco,2022-01-31,3137
Detroit,2022-01-31,1386
Riverside,2022-01-31,2486
Phoenix,2022-01-31,1889
Seattle,2022-01-31,2170
Minneapolis-St Paul,2022-01-31,1599
San Diego,2022-01-31,2840
St. Louis,2022-01-31,1215
Tampa,2022-01-31,1987
Baltimore,2022-01-31,1742
Denver,2022-01-31,1904
Pittsburgh,2022-01-31,1290
Portland,2022-01-31,1815
Charlotte,2022-01-31,1712
Sacramento,2022-01-31,2190
San Antonio,2022-01-31,1432
Orlando,2022-01-31,1918
Cincinnati,2022-01-31,1361
Cleveland,2022-01-31,1299
Kansas City,2022-01-31,1279
Las Vegas,2022-01-31,1829
Columbus,2022-01-31,1375
Indianapolis,2022-01-31,1397
San Jose,2022-01-31,3157
Austin,2022-01-31,1791
Virginia Beach,2022-01-31,1557
Nashville,2022-01-31,1772
Providence,2022-01-31,1805
Milwaukee,2022-01-31,1161
Jacksonville,2022-01-31,1714
Memphis,2022-01-31,1453
Oklahoma City,2022-01-31,1279
Louisville-Jefferson County,2022-01-31,1228
Hartford,2022-01-31,1555
Richmond,2022-01-31,1525
New Orleans,2022-01-31,1500
Buffalo,2022-01-31,1174
Raleigh,2022-01-31,1682
Birmingham,2022-01-31,1293
Salt Lake City,2022-01-31,1595
Rochester,2022-01-31,1318
Grand Rapids,2022-01-31,1394
Tucson,2022-01-31,1547
Urban Honolulu,2022-01-31,2552
Tulsa,2022-01-31,1277
Fresno,2022-01-31,1935
Worcester,2022-01-31,1723
Stamford,2022-01-31,2519
Albuquerque,2022-01-31,1440
Albany,2022-01-31,1365
Omaha,2022-01-31,1171
New Haven,2022-01-31,1852
Bakersfield,2022-01-31,1704
Knoxville,2022-01-31,1563
Greenville,2022-01-31,1433
Ventura,2022-01-31,2943
Allentown,2022-01-31,1772
El Paso,2022-01-31,1306
Baton Rouge,2022-01-31,1336
Dayton,2022-01-31,1222
McAllen,2022-01-31,1030
Columbia,2022-01-31,1353
Greensboro,2022-01-31,1327
Akron,2022-01-31,1084
North Port-Sarasota-Bradenton,2022-01-31,2367
Little Rock,2022-01-31,1122
Stockton,2022-01-31,2354
Charleston,2022-01-31,1738
Syracuse,2022-01-31,1300
Colorado Springs,2022-01-31,1777
Winston-Salem,2022-01-31,1519
Wichita,2022-01-31,921
Springfield,2022-01-31,1522
Fort Myers,2022-01-31,2037
Boise City,2022-01-31,1736
Toledo,2022-01-31,1182
Madison,2022-01-31,1317
Lakeland,2022-01-31,1715
Ogden,2022-01-31,1632
Daytona Beach,2022-01-31,1761
Des Moines,2022-01-31,1159
Jackson,2022-01-31,1334
Youngstown,2022-01-31,970
Augusta,2022-01-31,1283
Scranton,2022-01-31,1171
Harrisburg,2022-01-31,1333
Melbourne,2022-01-31,1846
Chattanooga,2022-01-31,1417
Spokane,2022-01-31,1381
Provo,2022-01-31,1667
Durham,2022-01-31,1600
Port St. Lucie,2022-01-31,2275
Killeen,2022-01-31,1346
Fort Collins,2022-01-31,1773
Boulder,2022-01-31,2131
College Station,2022-01-31,1318
Gainesville,2022-01-31,1600
Sierra Vista,2022-01-31,1066
Sebring,2022-01-31,1212
New York,2022-02-28,2970
Los Angeles-Long Beach-Anaheim,2022-02-28,2834
Chicago,2022-02-28,1860
Dallas-Fort Worth,2022-02-28,1735
Philadelphia,2022-02-28,1794
Houston,2022-02-28,1546
Washington,2022-02-28,2184
Miami-Fort Lauderdale,2022-02-28,2693
Atlanta,2022-02-28,1887
Boston,2022-02-28,2691
San Francisco,2022-02-28,3158
Detroit,2022-02-28,1398
Riverside,2022-02-28,2515
Phoenix,2022-02-28,1900
Seattle,2022-02-28,2193
Minneapolis-St Paul,2022-02-28,1615
San Diego,2022-02-28,2884
St. Louis,2022-02-28,1228
Tampa,2022-02-28,2014
Baltimore,2022-02-28,1751
Denver,2022-02-28,1919
Pittsburgh,2022-02-28,1303
Portland,2022-02-28,1828
Charlotte,2022-02-28,1721
Sacramento,2022-02-28,2209
San Antonio,2022-02-28,1442
Orlando,2022-02-28,1937
Cincinnati,2022-02-28,1376
Cleveland,2022-02-28,1326
Kansas City,2022-02-28,1293
Las Vegas,2022-02-28,1827
Columbus,2022-02-28,1386
Indianapolis,2022-02-28,1413
San Jose,2022-02-28,3196
Austin,2022-02-28,1806
Virginia Beach,2022-02-28,1565
Nashville,2022-02-28,1796
Providence,2022-02-28,1822
Milwaukee,2022-02-28,1165
Jacksonville,2022-02-28,1728
Memphis,2022-02-28,1466
Oklahoma City,2022-02-28,1286
Louisville-Jefferson County,2022-02-28,1242
Hartford,2022-02-28,1572
Richmond,2022-02-28,1540
New Orleans,2022-02-28,1530
Buffalo,2022-02-28,1200
Raleigh,2022-02-28,1693
Birmingham,2022-02-28,1293
Salt Lake City,2022-02-28,1619
Rochester,2022-02-28,1342
Grand Rapids,2022-02-28,1407
Tucson,2022-02-28,1576
Urban Honolulu,2022-02-28,2570
Tulsa,2022-02-28,1278
Fresno,2022-02-28,1942
Worcester,2022-02-28,1762
Stamford,2022-02-28,2537
Albuquerque,2022-02-28,1459
Albany,2022-02-28,1381
Omaha,2022-02-28,1184
New Haven,2022-02-28,1861
Bakersfield,2022-02-28,1722
Knoxville,2022-02-28,1579
Greenville,2022-02-28,1439
Ventura,2022-02-28,2972
Allentown,2022-02-28,1778
El Paso,2022-02-28,1347
Baton Rouge,2022-02-28,1346
Dayton,2022-02-28,1238
McAllen,2022-02-28,1054
Columbia,2022-02-28,1356
Greensboro,2022-02-28,1352
Akron,2022-02-28,1119
North Port-Sarasota-Bradenton,2022-02-28,2323
Little Rock,2022-02-28,1130
Stockton,2022-02-28,2393
Charleston,2022-02-28,1746
Syracuse,2022-02-28,1305
Colorado Springs,2022-02-28,1793
Winston-Salem,2022-02-28,1554
Wichita,2022-02-28,931
Springfield,2022-02-28,1537
Fort Myers,2022-02-28,2046
Boise City,2022-02-28,1740
Toledo,2022-02-28,1194
Madison,2022-02-28,1316
Lakeland,2022-02-28,1738
Ogden,2022-02-28,1659
Daytona Beach,2022-02-28,1802
Des Moines,2022-02-28,1172
Jackson,2022-02-28,1352
Youngstown,2022-02-28,965
Augusta,2022-02-28,1311
Scranton,2022-02-28,1182
Harrisburg,2022-02-28,1343
Melbourne,2022-02-28,1853
Chattanooga,2022-02-28,1453
Spokane,2022-02-28,1455
Provo,2022-02-28,1691
Durham,2022-02-28,1613
Port St. Lucie,2022-02-28,2222
Killeen,2022-02-28,1348
Fort Collins,2022-02-28,1797
Boulder,2022-02-28,2147
College Station,2022-02-28,1333
Gainesville,2022-02-28,1605
Sierra Vista,2022-02-28,1108
Sebring,2022-02-28,1211
New York,2022-03-31,3019
Los Angeles-Long Beach-Anaheim,2022-03-31,2863
Chicago,2022-03-31,1883
Dallas-Fort Worth,2022-03-31,1744
Philadelphia,2022-03-31,1808
Houston,2022-03-31,1556
Washington,2022-03-31,2197
Miami-Fort Lauderdale,2022-03-31,2744
Atlanta,2022-03-31,1897
Boston,2022-03-31,2714
San Francisco,2022-03-31,3192
Detroit,2022-03-31,1409
Riverside,2022-03-31,2549
Phoenix,2022-03-31,1911
Seattle,2022-03-31,2213
Minneapolis-St Paul,2022-03-31,1623
San Diego,2022-03-31,2933
St. Louis,2022-03-31,1245
Tampa,2022-03-31,2036
Baltimore,2022-03-31,1762
Denver,2022-03-31,1941
Pittsburgh,2022-03-31,1317
Portland,2022-03-31,1843
Charlotte,2022-03-31,1729
Sacramento,2022-03-31,2233
San Antonio,2022-03-31,1451
Orlando,2022-03-31,1969
Cincinnati,2022-03-31,1394
Cleveland,2022-03-31,1336
Kansas City,2022-03-31,1303
Las Vegas,2022-03-31,1839
Columbus,2022-03-31,1392
Indianapolis,2022-03-31,1429
San Jose,2022-03-31,3221
Austin,2022-03-31,1820
Virginia Beach,2022-03-31,1579
Nashville,2022-03-31,1810
Providence,2022-03-31,1853
Milwaukee,2022-03-31,1170
Jacksonville,2022-03-31,1734
Memphis,2022-03-31,1482
Oklahoma City,2022-03-31,1299
Louisville-Jefferson County,2022-03-31,1259
Hartford,2022-03-31,1600
Richmond,2022-03-31,1557
New Orleans,2022-03-31,1531
Buffalo,2022-03-31,1207
Raleigh,2022-03-31,1706
Birmingham,2022-03-31,1305
Salt Lake City,2022-03-31,1645
Rochester,2022-03-31,1372
Grand Rapids,2022-03-31,1419
Tucson,2022-03-31,1588
Urban Honolulu,2022-03-31,2617
Tulsa,2022-03-31,1284
Fresno,2022-03-31,1958
Worcester,2022-03-31,1792
Stamford,2022-03-31,2586
Albuquerque,2022-03-31,1464
Albany,2022-03-31,1404
Omaha,2022-03-31,1197
New Haven,2022-03-31,1886
Bakersfield,2022-03-31,1725
Knoxville,2022-03-31,1611
Greenville,2022-03-31,1458
Ventura,2022-03-31,3006
Allentown,2022-03-31,1790
El Paso,2022-03-31,1374
Baton Rouge,2022-03-31,1352
Dayton,2022-03-31,1246
McAllen,2022-03-31,1031
Columbia,2022-03-31,1379
Greensboro,2022-03-31,1357
Akron,2022-03-31,1137
North Port-Sarasota-Bradenton,2022-03-31,2306
Little Rock,2022-03-31,1137
Stockton,2022-03-31,2398
Charleston,2022-03-31,1758
Syracuse,2022-03-31,1341
Colorado Springs,2022-03-31,1813
Winston-Salem,2022-03-31,1555
Wichita,2022-03-31,943
Springfield,2022-03-31,1547
Fort Myers,2022-03-31,2072
Boise City,2022-03-31,1774
Toledo,2022-03-31,1217
Madison,2022-03-31,1329
Lakeland,2022-03-31,1785
Ogden,2022-03-31,1661
Daytona Beach,2022-03-31,1836
Des Moines,2022-03-31,1173
Jackson,2022-03-31,1378
Youngstown,2022-03-31,967
Augusta,2022-03-31,1324
Scranton,2022-03-31,1202
Harrisburg,2022-03-31,1359
Melbourne,2022-03-31,1889
Chattanooga,2022-03-31,1469
Spokane,2022-03-31,1516
Provo,2022-03-31,1705
Durham,2022-03-31,1624
Port St. Lucie,2022-03-31,2252
Killeen,2022-03-31,1359
Fort Collins,2022-03-31,1811
Boulder,2022-03-31,2185
College Station,2022-03-31,1346
Gainesville,2022-03-31,1615
Sierra Vista,2022-03-31,1213
Sebring,2022-03-31,1229
New York,2022-04-30,3072
Los Angeles-Long Beach-Anaheim,2022-04-30,2900
Chicago,2022-04-30,1907
Dallas-Fort Worth,2022-04-30,1771
Philadelphia,2022-04-30,1821
Houston,2022-04-30,1568
Washington,2022-04-30,2221
Miami-Fort Lauderdale,2022-04-30,2789
Atlanta,2022-04-30,1904
Boston,2022-04-30,2758
San Francisco,2022-04-30,3215
Detroit,2022-04-30,1436
Riverside,2022-04-30,2571
Phoenix,2022-04-30,1926
Seattle,2022-04-30,2239
Minneapolis-St Paul,2022-04-30,1632
San Diego,2022-04-30,2993
St. Louis,2022-04-30,1258
Tampa,2022-04-30,2054
Baltimore,2022-04-30,1779
Denver,2022-04-30,1967
Pittsburgh,2022-04-30,1323
Portland,2022-04-30,1865
Charlotte,2022-04-30,1752
Sacramento,2022-04-30,2250
San Antonio,2022-04-30,1466
Orlando,2022-04-30,1993
Cincinnati,2022-04-30,1417
Cleveland,2022-04-30,1354
Kansas City,2022-04-30,1323
Las Vegas,2022-04-30,1856
Columbus,2022-04-30,1420
Indianapolis,2022-04-30,1449
San Jose,2022-04-30,3267
Austin,2022-04-30,1843
Virginia Beach,2022-04-30,1591
Nashville,2022-04-30,1823
Providence,2022-04-30,1899
Milwaukee,2022-04-30,1177
Jacksonville,2022-04-30,1753
Memphis,2022-04-30,1494
Oklahoma City,2022-04-30,1316
Louisville-Jefferson County,2022-04-30,1275
Hartford,2022-04-30,1629
Richmond,2022-04-30,1573
New Orleans,2022-04-30,1531
Buffalo,2022-04-30,1217
Raleigh,2022-04-30,1722
Birmingham,2022-04-30,1314
Salt Lake City,2022-04-30,1670
Rochester,2022-04-30,1387
Grand Rapids,2022-04-30,1446
Tucson,2022-04-30,1595
Urban Honolulu,2022-04-30,2632
Tulsa,2022-04-30,1293
Fresno,2022-04-30,1981
Worcester,2022-04-30,1821
Stamford,2022-04-30,2632
Albuquerque,2022-04-30,1483
Albany,2022-04-30,1396
Omaha,2022-04-30,1221
New Haven,2022-04-30,1932
Bakersfield,2022-04-30,1722
Knoxville,2022-04-30,1653
Greenville,2022-04-30,1472
Ventura,2022-04-30,3031
Allentown,2022-04-30,1809
El Paso,2022-04-30,1394
Baton Rouge,2022-04-30,1364
Dayton,2022-04-30,1235
McAllen,2022-04-30,1051
Columbia,2022-04-30,1391
Greensboro,2022-04-30,1372
Akron,2022-04-30,1164
North Port-Sarasota-Bradenton,2022-04-30,2363
Little Rock,2022-04-30,1137
Stockton,2022-04-30,2442
Charleston,2022-04-30,1802
Syracuse,2022-04-30,1359
Colorado Springs,2022-04-30,1831
Winston-Salem,2022-04-30,1567
Wichita,2022-04-30,943
Springfield,2022-04-30,1596
Fort Myers,2022-04-30,2099
Boise City,2022-04-30,1799
Toledo,2022-04-30,1234
Madison,2022-04-30,1347
Lakeland,2022-04-30,1821
Ogden,2022-04-30,1700
Daytona Beach,2022-04-30,1860
Des Moines,2022-04-30,1188
Jackson,2022-04-30,1380
Youngstown,2022-04-30,960
Augusta,2022-04-30,1310
Scranton,2022-04-30,1232
Harrisburg,2022-04-30,1375
Melbourne,2022-04-30,1916
Chattanooga,2022-04-30,1485
Spokane,2022-04-30,1536
Provo,2022-04-30,1729
Durham,2022-04-30,1637
Port St. Lucie,2022-04-30,2286
Killeen,2022-04-30,1379
Fort Collins,2022-04-30,1825
Boulder,2022-04-30,2206
College Station,2022-04-30,1353
Gainesville,2022-04-30,1606
Sierra Vista,2022-04-30,1237
Sebring,2022-04-30,1264
New York,2022-05-31,3135
Los Angeles-Long Beach-Anaheim,2022-05-31,2935
Chicago,2022-05-31,1931
Dallas-Fort Worth,2022-05-31,1802
Philadelphia,2022-05-31,1838
Houston,2022-05-31,1583
Washington,2022-05-31,2244
Miami-Fort Lauderdale,2022-05-31,2834
Atlanta,2022-05-31,1928
Boston,2022-05-31,2804
San Francisco,2022-05-31,3247
Detroit,2022-05-31,1452
Riverside,2022-05-31,2584
Phoenix,2022-05-31,1940
Seattle,2022-05-31,2277
Minneapolis-St Paul,2022-05-31,1650
San Diego,2022-05-31,3040
St. Louis,2022-05-31,1275
Tampa,2022-05-31,2089
Baltimore,2022-05-31,1792
Denver,2022-05-31,1993
Pittsburgh,2022-05-31,1335
Portland,2022-05-31,1896
Charlotte,2022-05-31,1785
Sacramento,2022-05-31,2275
San Antonio,2022-05-31,1483
Orlando,2022-05-31,2033
Cincinnati,2022-05-31,1436
Cleveland,2022-05-31,1373
Kansas City,2022-05-31,1342
Las Vegas,2022-05-31,1879
Columbus,2022-05-31,1442
Indianapolis,2022-05-31,1468
San Jose,2022-05-31,3310
Austin,2022-05-31,1873
Virginia Beach,2022-05-31,1610
Nashville,2022-05-31,1851
Providence,2022-05-31,1956
Milwaukee,2022-05-31,1188
Jacksonville,2022-05-31,1776
Memphis,2022-05-31,1512
Oklahoma City,2022-05-31,1333
Louisville-Jefferson County,2022-05-31,1290
Hartford,2022-05-31,1652
Richmond,2022-05-31,1597
New Orleans,2022-05-31,1533
Buffalo,2022-05-31,1230
Raleigh,2022-05-31,1747
Birmingham,2022-05-31,1326
Salt Lake City,2022-05-31,1689
Rochester,2022-05-31,1412
Grand Rapids,2022-05-31,1487
Tucson,2022-05-31,1598
Urban Honolulu,2022-05-31,2689
Tulsa,2022-05-31,1304
Fresno,2022-05-31,2008
Worcester,2022-05-31,1852
Stamford,2022-05-31,2675
Albuquerque,2022-05-31,1523
Albany,2022-05-31,1417
Omaha,2022-05-31,1238
New Haven,2022-05-31,1941
Bakersfield,2022-05-31,1772
Knoxville,2022-05-31,1680
Greenville,2022-05-31,1490
Ventura,2022-05-31,3069
Allentown,2022-05-31,1811
El Paso,2022-05-31,1411
Baton Rouge,2022-05-31,1375
Dayton,2022-05-31,1256
McAllen,2022-05-31,1075
Columbia,2022-05-31,1415
Greensboro,2022-05-31,1396
Akron,2022-05-31,1167
North Port-Sarasota-Bradenton,2022-05-31,2367
Little Rock,2022-05-31,1152
Stockton,2022-05-31,2454
Charleston,2022-05-31,1854
Syracuse,2022-05-31,1386
Colorado Springs,2022-05-31,1857
Winston-Salem,2022-05-31,1603
Wichita,2022-05-31,950
Springfield,2022-05-31,1581
Fort Myers,2022-05-31,2164
Boise City,2022-05-31,1832
Toledo,2022-05-31,1265
Madison,2022-05-31,1368
Lakeland,2022-05-31,1833
Ogden,2022-05-31,1720
Daytona Beach,2022-05-31,1883
Des Moines,2022-05-31,1204
Jackson,2022-05-31,1400
Youngstown,2022-05-31,952
Augusta,2022-05-31,1323
Scranton,2022-05-31,1228
Harrisburg,2022-05-31,1382
Melbourne,2022-05-31,1943
Chattanooga,2022-05-31,1523
Spokane,2022-05-31,1574
Provo,2022-05-31,1759
Durham,2022-05-31,1669
Port St. Lucie,2022-05-31,2304
Killeen,2022-05-31,1389
Fort Collins,2022-05-31,1855
Boulder,2022-05-31,2219
College Station,2022-05-31,1354
Gainesville,2022-05-31,1627
Sierra Vista,2022-05-31,1224
Sebring,2022-05-31,1284
New York,2022-06-30,3186
Los Angeles-Long Beach-Anaheim,2022-06-30,2951
Chicago,2022-06-30,1947
Dallas-Fort Worth,2022-06-30,1825
Philadelphia,2022-06-30,1852
Houston,2022-06-30,1589
Washington,2022-06-30,2263
Miami-Fort Lauderdale,2022-06-30,2848
Atlanta,2022-06-30,1946
Boston,2022-06-30,2836
San Francisco,2022-06-30,3266
Detroit,2022-06-30,1463
Riverside,2022-06-30,2601
Phoenix,2022-06-30,1938
Seattle,2022-06-30,2307
Minneapolis-St Paul,2022-06-30,1657
San Diego,2022-06-30,3078
St. Louis,2022-06-30,1290
Tampa,2022-06-30,2106
Baltimore,2022-06-30,1800
Denver,2022-06-30,2005
Pittsburgh,2022-06-30,1351
Portland,2022-06-30,1915
Charlotte,2022-06-30,1807
Sacramento,2022-06-30,2292
San Antonio,2022-06-30,1493
Orlando,2022-06-30,2062
Cincinnati,2022-06-30,1457
Cleveland,2022-06-30,1384
Kansas City,2022-06-30,1357
Las Vegas,2022-06-30,1884
Columbus,2022-06-30,1456
Indianapolis,2022-06-30,1491
San Jose,2022-06-30,3361
Austin,2022-06-30,1895
Virginia Beach,2022-06-30,1627
Nashville,2022-06-30,1870
Providence,2022-06-30,1953
Milwaukee,2022-06-30,1202
Jacksonville,2022-06-30,1783
Memphis,2022-06-30,1516
Oklahoma City,2022-06-30,1346
Louisville-Jefferson County,2022-06-30,1301
Hartford,2022-06-30,1656
Richmond,2022-06-30,1611
New Orleans,2022-06-30,1538
Buffalo,2022-06-30,1244
Raleigh,2022-06-30,1769
Birmingham,2022-06-30,1332
Salt Lake City,2022-06-30,1703
Rochester,2022-06-30,1440
Grand Rapids,2022-06-30,1491
Tucson,2022-06-30,1620
Urban Honolulu,2022-06-30,2670
Tulsa,2022-06-30,1317
Fresno,2022-06-30,1995
Worcester,2022-06-30,1881
Stamford,2022-06-30,2711
Albuquerque,2022-06-30,1537
Albany,2022-06-30,1437
Omaha,2022-06-30,1248
New Haven,2022-06-30,1953
Bakersfield,2022-06-30,1778
Knoxville,2022-06-30,1705
Greenville,2022-06-30,1513
Ventura,2022-06-30,3042
Allentown,2022-06-30,1823
El Paso,2022-06-30,1433
Baton Rouge,2022-06-30,1389
Dayton,2022-06-30,1261
McAllen,2022-06-30,1080
Columbia,2022-06-30,1422
Greensboro,2022-06-30,1411
Akron,2022-06-30,1200
North Port-Sarasota-Bradenton,2022-06-30,2393
Little Rock,2022-06-30,1167
Stockton,2022-06-30,2452
Charleston,2022-06-30,1881
Syracuse,2022-06-30,1399
Colorado Springs,2022-06-30,1878
Winston-Salem,2022-06-30,1608
Wichita,2022-06-30,961
Springfield,2022-06-30,1594
Fort Myers,2022-06-30,2162
Boise City,2022-06-30,1849
Toledo,2022-06-30,1294
Madison,2022-06-30,1381
Lakeland,2022-06-30,1866
Ogden,2022-06-30,1755
Daytona Beach,2022-06-30,1903
Des Moines,2022-06-30,1216
Jackson,2022-06-30,1383
Youngstown,2022-06-30,960
Augusta,2022-06-30,1343
Scranton,2022-06-30,1244
Harrisburg,2022-06-30,1381
Melbourne,2022-06-30,1974
Chattanooga,2022-06-30,1522
Spokane,2022-06-30,1585
Provo,2022-06-30,1764
Durham,2022-06-30,1696
Port St. Lucie,2022-06-30,2292
Killeen,2022-06-30,1402
Fort Collins,2022-06-30,1874
Boulder,2022-06-30,2221
College Station,2022-06-30,1356
Gainesville,2022-06-30,1652
Sierra Vista,2022-06-30,1171
Sebring,2022-06-30,1299
